"Estación";"Provincia";"Temperatura máxima (ºC)";"Temperatura mínima (ºC)";"Temperatura media (ºC)";"Racha (km/h)";"Velocidad máxima (km/h)";"Precipitación 00-24h (mm)";"Precipitación 00-06h (mm)";"Precipitación 06-12h (mm)";"Precipitación 12-18h (mm)";"Precipitación 18-24h (mm)"
"Alforja";"Tarragona";"";"";"";"";"";"";"0";"";"";""
"Reus Aeropuerto";"Tarragona";"20.1 (12:40)";"4.7 (03:40)";"12,4";"24 (14:20)";"16 (14:00)";"0";"0";"0";"0";"0"
"Valls";"Tarragona";"23.1 (16:10)";"4.2 (02:00)";"13,7";"";"";"0";"0";"0";"0";"0"
"Tarragona";"Tarragona";"19.8 (15:00)";"7.2 (06:40)";"13,5";"";"";"0";"0";"0";"0";"0"
"Pontons";"Barcelona";"20.8 (15:30)";"1.4 (02:20)";"11,1";"24 (14:10)";"15 (16:50)";"0";"0";"0";"0";"0"
"Vilafranca del Penedès";"Barcelona";"22.7 (14:30)";"4.3 (04:50)";"13,5";"28 (18:00)";"15 (18:20)";"0";"0";"0";"0";"0"
"Sitges";"Barcelona";"18.5 (16:50)";"7.2 (05:00)";"12,8";"27 (13:30)";"15 (13:30)";"0";"0";"0";"0";"0"
"Barcelona Aeropuerto";"Barcelona";"19.6 (17:10)";"7.9 (07:40)";"13,8";"30 (07:30)";"23 (07:10)";"0";"0";"0";"0";"0"
"Berga";"Barcelona";"22.8 (16:10)";"4.0 (07:40)";"13,4";"27 (19:00)";"18 (19:00)";"0";"0";"0";"0";"0"
"Balsareny";"Barcelona";"24.1 (16:00)";"-0.8 (07:50)";"11,7";"30 (19:00)";"22 (18:40)";"0";"0";"0";"0";"0"
"Prats de Lluçanès";"Barcelona";"22.4 (16:00)";"0.2 (07:40)";"11,3";"24 (16:40)";"12 (18:20)";"0";"0";"0";"0";"0"
"Moià";"Barcelona";"20.9 (14:50)";"5.1 (04:40)";"13";"24 (14:40)";"13 (14:30)";"0";"0";"0";"0";"0"
"Manresa";"Barcelona";"24.0 (16:10)";"1.7 (08:40)";"12,9";"30 (18:00)";"18 (18:00)";"0";"0";"0";"0";"0"
"Monistrol de Montserrat";"Barcelona";"17.8 (15:00)";"8.6 (02:20)";"13,2";"";"";"0";"0";"0";"0";"0"
"Igualada";"Barcelona";"24.3 (16:20)";"2.7 (08:10)";"13,5";"20 (15:00)";"10 (16:00)";"0";"0";"0";"0";"0"
"Corbera, Pic d'Agulles";"Barcelona";"";"";"";"";"";"";"";"";"";""
"Barcelona";"Barcelona";"18.5 (15:30)";"8.8 (06:50)";"13,7";"18 (05:30)";"15 (05:50)";"0";"0";"0";"0";"0"
"Barcelona, Museo Marítimo";"Barcelona";"18.9 (17:20)";"10.1 (07:10)";"14,5";"";"";"0";"0";"0";"0";"0"
"Caldes de Montbui";"Barcelona";"22.2 (15:10)";"2.3 (06:10)";"12,3";"22 (15:30)";"16 (16:10)";"0";"0";"0";"0";"0"
"Vilassar de Dalt";"Barcelona";"20.4 (17:50)";"9.0 (07:00)";"14,7";"14 (18:30)";"7 (13:30)";"0";"0";"0";"0";"0"
"Arenys de Mar";"Barcelona";"21.0 (14:30)";"7.6 (07:00)";"14,3";"15 (16:40)";"8 (16:40)";"0";"0";"0";"0";"0"
"Santa Susanna";"Barcelona";"19.2 (15:40)";"2.8 (07:50)";"11";"31 (16:50)";"19 (16:30)";"0";"0";"0";"0";"0"
"Fogars de Montclús";"Barcelona";"19.1 (15:50)";"7.0 (04:00)";"13,1";"";"";"0";"0";"0";"0";"0"
"Blanes";"Girona";"21.0 (14:10)";"9.7 (07:10)";"15,3";"18 (19:40)";"12 (20:10)";"0";"0";"0";"0";"0"
"Castell, Platja d'Aro";"Girona";"18.4 (14:20)";"3.4 (06:30)";"10,9";"21 (13:50)";"13 (14:30)";"0";"0";"0";"0";"0"
"Sant Pau de Segúries";"Girona";"21.6 (16:20)";"0.4 (07:50)";"11";"32 (11:50)";"16 (11:50)";"0";"0";"0";"0";"0"
"Planoles";"Girona";"21.1 (14:30)";"4.8 (05:30)";"13";"31 (15:30)";"17 (15:30)";"0";"0";"0";"0";"0"
"Ripoll";"Girona";"22.6 (15:40)";"1.6 (07:50)";"12,1";"";"";"0";"0";"0";"0";"0"
"Tona";"Barcelona";"20.7 (14:00)";"0.8 (07:30)";"10,8";"33 (15:30)";"15 (15:50)";"0";"0";"0";"0";"0"
"Sant Julià  de Vilatorta";"Barcelona";"22.6 (15:20)";"0.4 (08:10)";"11,5";"26 (16:20)";"13 (16:10)";"0";"0";"0";"0";"0"
"Les Planes d'Hostoles";"Girona";"22.0 (16:00)";"-0.3 (07:40)";"10,8";"21 (15:20)";"7 (15:00)";"0";"0";"0";"0";"0"
"Sant Hilari";"Girona";"19.6 (16:30)";"3.3 (07:50)";"11,5";"24 (16:00)";"14 (02:20)";"0";"0";"0";"0";"0"
"Girona Aeropuerto";"Girona";"21.7 (14:20)";"1.1 (05:30)";"11,4";"46 (16:10)";"36 (16:10)";"0";"0";"0";"0";"0"
"Girona";"Girona";"23.2 (14:40)";"4.2 (07:40)";"13,7";"34 (18:20)";"15 (15:10)";"0";"0";"0";"0";"0"
"Porqueres";"Girona";"22.4 (15:30)";"1.9 (07:20)";"12,1";"33 (13:30)";"18 (13:30)";"0";"0";"0";"0";"0"
"L'Estartit";"Girona";"18.4 (17:50)";"9.7 (08:00)";"14";"32 (16:00)";"24 (14:50)";"0";"0";"0";"0";"0"
"La Vall de Bianya";"Girona";"22.5 (15:50)";"1.5 (07:40)";"12";"28 (16:30)";"16 (16:50)";"0";"0";"0";"0";"0"
"Castelló d'Empúries";"Girona";"19.0 (16:00)";"3.1 (07:10)";"11";"36 (15:50)";"19 (16:20)";"0";"0";"0";"0";"0"
"Maçanet de Cabrenys";"Girona";"20.0 (15:30)";"3.2 (07:00)";"11,6";"25 (16:10)";"13 (14:40)";"0";"0";"0";"0";"0"
"Espolla";"Girona";"20.5 (15:50)";"5.2 (05:40)";"12,8";"30 (16:00)";"18 (16:00)";"0";"0";"0";"0";"0"
"Figueres";"Girona";"21.1 (17:00)";"5.6 (07:30)";"13,4";"23 (14:10)";"12 (15:50)";"0";"0";"0";"0";"0"
"Cabo de Creus";"Girona";"";"";"";"";"";"";"";"";"";""
"Baztan, Irurita";"Navarra";"27.3 (17:00)";"7.9 (07:20)";"17,6";"29 (15:40)";"21 (15:40)";"0";"0";"0";"0";"0"
"Bera";"Navarra";"27.2 (15:40)";"10.7 (05:00)";"19";"30 (17:00)";"13 (17:00)";"0";"0";"0";"0";"0"
"Irún";"Gipuzkoa";"27.3 (16:30)";"18.8 (08:50)";"23";"49 (00:50)";"17 (01:30)";"0";"0";"0";"0";"0"
"San Sebastián Aeropuerto";"Gipuzkoa";"28.2 (17:10)";"16.1 (23:59)";"22,2";"45 (06:10)";"24 (17:40)";"0";"0";"0";"0";"0"
"Renteria";"Gipuzkoa";"26.1 (16:40)";"13.5 (23:59)";"19,8";"57 (11:20)";"31 (11:00)";"0";"0";"0";"0";"0"
"Segura - Lastala";"Gipuzkoa";"23.1 (17:10)";"14.0 (23:50)";"18,6";"31 (15:00)";"15 (11:10)";"0";"0";"0";"0";"0"
"Beasain";"Gipuzkoa";"24.3 (17:10)";"14.4 (23:59)";"19,3";"42 (13:30)";"23 (13:00)";"0";"0";"0";"0";"0"
"Ordizia";"Gipuzkoa";"24.3 (17:10)";"16.5 (23:40)";"20,4";"43 (06:50)";"24 (12:40)";"0";"0";"0";"0";"0"
"Areso";"Navarra";"21.8 (16:50)";"13.6 (09:30)";"17,7";"64 (11:00)";"36 (11:10)";"0";"0";"0";"0";"0"
"Legazpia";"Gipuzkoa";"21.7 (17:10)";"14.1 (09:20)";"17,9";"";"";"0";"0";"0";"0";"0"
"Zumarraga";"Gipuzkoa";"20.8 (17:10)";"13.1 (07:30)";"16,9";"34 (12:40)";"13 (13:30)";"0";"0";"0";"0";"0"
"Azpeitia";"Gipuzkoa";"24.8 (17:20)";"14.4 (23:59)";"19,6";"31 (02:30)";"13 (07:10)";"0";"0";"0";"0";"0"
"Zumaia";"Gipuzkoa";"27.8 (15:00)";"15.9 (23:59)";"21,8";"70 (00:40)";"38 (01:40)";"0";"0";"0";"0";"0"
"Aramaio";"Araba/Álava";"19.4 (16:50)";"13.8 (06:00)";"16,6";"";"";"0";"0";"0";"0";"0"
"Aretxabaleta";"Gipuzkoa";"23.0 (16:50)";"13.0 (23:59)";"18";"";"";"0";"0";"0";"0";"0"
"Elgeta";"Gipuzkoa";"21.8 (17:00)";"13.3 (05:30)";"17,5";"27 (09:20)";"11 (01:00)";"0";"0";"0";"0";"0"
"Elgoibar";"Gipuzkoa";"23.8 (17:20)";"13.6 (23:40)";"18,7";"55 (04:40)";"27 (02:10)";"0";"0";"0";"0";"0"
"Mutriku";"Gipuzkoa";"25.4 (15:20)";"18.6 (22:00)";"22";"63 (01:20)";"24 (01:50)";"0";"0";"0";"0";"0"
"Forua";"Bizkaia";"24.0 (13:00)";"14.1 (23:59)";"19,1";"40 (00:40)";"21 (01:20)";"0";"0";"0";"0";"0"
"Machichaco";"Bizkaia";"24.5 (15:10)";"18.2 (07:40)";"21,4";"42 (06:20)";"23 (02:20)";"0";"0";"0";"0";"0"
"Punta Galea";"Bizkaia";"21.7 (15:50)";"17.1 (07:50)";"19,4";"48 (09:40)";"24 (09:50)";"0,1";"0";"0";"0";"0,1"
"Amurrio";"Araba/Álava";"20.5 (00:10)";"12.0 (23:59)";"16,3";"44 (00:10)";"23 (06:50)";"0";"0";"0";"0";"0"
"Orozko";"Bizkaia";"21.8 (13:20)";"11.4 (09:00)";"16,6";"45 (00:50)";"19 (00:50)";"0";"0";"0";"0";"0"
"Abadiño";"Bizkaia";"18.3 (16:50)";"11.0 (06:30)";"14,6";"";"";"0";"0";"0";"0";"0"
"Amorebieta--Etxano";"Bizkaia";"23.6 (16:50)";"14.4 (23:59)";"19";"61 (07:50)";"20 (07:50)";"0";"0";"0";"0";"0"
"Balmaseda";"Bizkaia";"19.6 (13:30)";"10.7 (07:10)";"15,2";"";"";"0";"0";"0";"0";"0"
"Güeñes";"Bizkaia";"19.8 (12:30)";"13.4 (23:40)";"16,6";"22 (10:50)";"11 (13:30)";"0";"0";"0";"0";"0"
"Bilbao Aeropuerto";"Bizkaia";"23.2 (15:40)";"13.8 (23:40)";"18,5";"54 (00:10)";"32 (00:10)";"0";"0";"0";"0";"0"
"Sopuerta";"Bizkaia";"20.5 (01:10)";"15.2 (23:59)";"17,8";"37 (11:40)";"16 (11:40)";"0";"0";"0";"0";"0"
"Castro Urdiales";"Cantabria";"23.1 (17:00)";"17.2 (23:59)";"20,2";"67 (08:40)";"41 (08:40)";"0";"0";"0";"0";"0"
"Ramales de la Victoria";"Cantabria";"22.4 (12:30)";"12.3 (23:59)";"17,3";"35 (09:40)";"14 (10:50)";"0";"0";"0";"0";"0"
"Barcena de Cicero, Treto";"Cantabria";"25.5 (17:30)";"14.4 (23:40)";"19,9";"41 (09:40)";"21 (08:10)";"0";"0";"0";"0";"0"
"Soba, Alto Miera";"Cantabria";"";"";"";"";"";"";"0";"";"0";"0"
"Santander Aeropuerto";"Cantabria";"25.3 (18:20)";"11.5 (03:50)";"18,4";"48 (13:20)";"29 (13:20)";"0";"0";"0";"0";"0"
"Santander";"Cantabria";"24.3 (17:40)";"17.8 (23:59)";"21";"47 (10:10)";"31 (12:50)";"0";"0";"0";"0";"0"
"Villacarriedo";"Cantabria";"20.7 (16:00)";"13.4 (23:40)";"17,1";"50 (09:40)";"27 (09:40)";"0";"0";"0";"0";"0"
"Los Tojos, Bárcena Mayor";"Cantabria";"19.8 (01:50)";"8.8 (23:59)";"14,3";"53 (07:10)";"32 (06:20)";"0";"0";"0";"0";"0"
"San Felices de Buelna";"Cantabria";"22.1 (15:40)";"12.6 (23:59)";"17,4";"59 (09:30)";"30 (09:20)";"0";"0";"0";"0";"0"
"Torrelavega, Sierrapando";"Cantabria";"22.4 (15:30)";"16.5 (23:50)";"19,4";"57 (09:50)";"31 (09:50)";"0";"0";"0";"0";"0"
"San Vicente de la Barquera";"Cantabria";"23.6 (16:50)";"14.7 (23:59)";"19,2";"60 (17:20)";"32 (23:30)";"0";"0";"0";"0";"0"
"Camaleño, Fuente De";"Cantabria";"19.8 (15:00)";"9.7 (23:30)";"14,7";"32 (12:40)";"12 (12:20)";"0";"0";"0";"0";"0"
"Cillórigo de Liébana, Tama";"Cantabria";"21.3 (18:50)";"9.1 (03:30)";"15,2";"24 (10:00)";"14 (10:00)";"0";"0";"0";"0";"0"
"Tresviso";"Cantabria";"19.4 (14:00)";"14.3 (20:30)";"16,8";"62 (13:30)";"26 (13:30)";"0";"0";"0";"0";"0"
"Posada de Valdeón, Soto";"León";"20.5 (14:50)";"7.9 (02:50)";"14,2";"";"";"0";"0";"0";"0";"0"
"Cabrales";"Asturias";"20.8 (18:40)";"16.5 (23:59)";"18,6";"47 (17:40)";"21 (17:40)";"0";"0";"0";"0";"0"
"Llanes";"Asturias";"24.3 (18:40)";"15.7 (01:20)";"20";"39 (17:50)";"21 (17:50)";"0";"0";"0";"0";"0"
"Amieva, Panizales";"Asturias";"24.8 (15:00)";"12.5 (23:59)";"18,6";"44 (12:50)";"23 (12:50)";"0";"0";"0";"0";"0"
"Piloña, Bargaéu";"Asturias";"22.2 (18:20)";"13.9 (23:59)";"18,1";"31 (18:50)";"17 (18:50)";"0";"0";"0";"0";"0"
"Colunga";"Asturias";"23.4 (03:00)";"13.7 (01:50)";"18,5";"31 (14:40)";"14 (03:00)";"0";"0";"0";"0";"0"
"Gijón, Campus";"Asturias";"21.6 (17:50)";"12.1 (03:10)";"16,9";"23 (19:10)";"12 (19:10)";"0";"0";"0";"0";"0"
"Cabo Peñas";"Asturias";"24.0 (08:00)";"13.5 (21:50)";"18,8";"50 (23:20)";"34 (22:30)";"";"";"";"";""
"Asturias Aeropuerto";"Asturias";"21.6 (05:10)";"14.0 (22:40)";"17,8";"45 (21:00)";"29 (23:00)";"0";"0";"0";"0";"0"
"Pajares-Valgrande";"Asturias";"14.7 (18:10)";"7.1 (23:40)";"10,9";"57 (12:20)";"30 (01:10)";"0,9";"0";"0";"0";"0,9"
"Lena, Ronzón";"Asturias";"24.6 (16:20)";"13.5 (00:30)";"19,1";"41 (07:20)";"22 (08:50)";"3";"0";"0";"0";"3"
"Aller, Felechosa";"Asturias";"23.2 (14:30)";"10.9 (23:40)";"17,1";"57 (12:40)";"18 (07:30)";"0";"0";"0";"0";"0"
"Mieres, Baiña";"Asturias";"24.7 (15:10)";"14.1 (00:50)";"19,4";"37 (08:00)";"18 (08:00)";"0,6";"0";"0";"0,6";"0"
"Oviedo";"Asturias";"21.8 (07:30)";"14.3 (23:50)";"18";"43 (07:30)";"17 (07:30)";"0,6";"0";"0";"0,2";"0,4"
"Tineo, Soutu";"Asturias";"22.6 (17:00)";"11.6 (06:30)";"17,1";"25 (07:20)";"14 (10:40)";"0";"0";"0";"0";"0"
"Pola de Somiedo";"Asturias";"22.9 (17:10)";"10.5 (23:59)";"16,7";"48 (08:50)";"21 (08:10)";"0";"0";"0";"0";"0"
"Salas, Camuño";"Asturias";"21.4 (15:10)";"14.4 (23:59)";"17,9";"22 (07:00)";"13 (21:50)";"0,4";"0";"0";"0,4";"0"
"Cabo Busto";"Asturias";"23.2 (06:00)";"14.5 (20:40)";"18,9";"";"";"";"";"";"";""
"Cervantes";"Lugo";"18.4 (14:40)";"8.5 (23:59)";"13,4";"57 (04:20)";"37 (04:50)";"0";"0";"0";"0";"0"
"Degaña";"Asturias";"16.8 (13:50)";"8.2 (23:59)";"12,5";"53 (11:30)";"25 (05:40)";"0";"0";"0";"0";"0"
"Ibias, San Antolin";"Asturias";"21.8 (14:50)";"9.6 (23:30)";"15,7";"56 (09:30)";"33 (04:10)";"0,6";"0";"0";"0";"0,6"
"Villayón, Oneta";"Asturias";"22.6 (05:10)";"11.5 (21:30)";"17,1";"76 (04:40)";"61 (04:30)";"0,4";"0";"0";"0";"0,4"
"Castropol";"Asturias";"21.6 (15:20)";"13.5 (23:50)";"17,6";"23 (19:30)";"10 (06:30)";"0";"0";"0";"0";"0"
"Taramundi, Ouria";"Asturias";"24.1 (04:20)";"11.6 (23:50)";"17,9";"57 (09:10)";"30 (09:10)";"0,2";"0";"0";"0";"0,2"
"Ribadeo";"Lugo";"23.1 (08:20)";"13.7 (23:59)";"18,4";"24 (20:00)";"17 (10:40)";"0";"0";"0";"0";"0"
"Mondoñedo";"Lugo";"22.9 (07:10)";"12.5 (06:10)";"17,7";"";"";"0,2";"0";"0";"0";"0,2"
"Burela";"Lugo";"23.7 (08:20)";"15.0 (22:10)";"19,4";"";"";"0";"0";"0";"0";"0"
"Estaca de Bares";"A Coruña";"24.9 (08:30)";"13.9 (23:59)";"19,4";"38 (17:40)";"31 (04:10)";"1";"0";"0";"0,6";"0,4"
"Ferrol";"A Coruña";"24.6 (03:20)";"13.5 (17:00)";"19,1";"41 (06:50)";"27 (06:50)";"12";"0";"0";"10,1";"1,9"
"As Pontes";"A Coruña";"23.5 (15:10)";"12.3 (23:59)";"17,9";"";"";"9,8";"0";"0";"2,2";"7,6"
"A Coruña";"A Coruña";"23.4 (03:50)";"14.8 (22:30)";"19,1";"35 (06:40)";"18 (10:10)";"9,8";"0";"0,2";"7,4";"2,2"
"Bens - A Coruña";"A Coruña";"";"";"";"38 (06:30)";"30 (06:30)";"10,9";"0";"0,3";"8,5";"2,1"
"A Coruña Aeropuerto";"A Coruña";"23.0 (14:00)";"13.6 (16:20)";"18,3";"63 (16:00)";"30 (06:30)";"15,5";"0";"0,3";"14";"1,2"
"Carballo, Depuradora";"A Coruña";"20.9 (13:50)";"13.7 (23:20)";"17,3";"";"";"9,2";"0";"1,2";"1,4";"6,6"
"Cabo Vilan";"A Coruña";"22.8 (03:20)";"14.1 (22:30)";"18,4";"56 (08:30)";"37 (08:30)";"0,3";"0";"0";"0";"0,3"
"Vimianzo";"A Coruña";"18.5 (17:10)";"13.1 (23:20)";"15,8";"";"";"0,8";"0";"0,4";"0";"0,4"
"Fisterra";"A Coruña";"23.7 (00:30)";"13.4 (22:30)";"18,6";"";"";"0,4";"0";"0,4";"0";"0"
"Mazaricos";"A Coruña";"19.9 (04:30)";"12.6 (22:20)";"16,3";"";"";"1,2";"0";"0,6";"0";"0,6"
"Sobrado";"A Coruña";"23.0 (15:10)";"11.0 (08:30)";"17";"";"";"3,2";"0";"0,4";"0,4";"2,4"
"Santiago de Compostela Aeropuerto";"A Coruña";"20.5 (04:50)";"11.5 (20:50)";"16";"50 (14:50)";"27 (05:50)";"13,4";"0";"0,4";"6,9";"6,1"
"Noia";"A Coruña";"20.8 (02:20)";"14.3 (22:00)";"17,5";"34 (05:00)";"14 (05:00)";"2,8";"0";"1,2";"0";"1,6"
"Monte Iroite";"A Coruña";"";"";"";"";"";"";"";"";"";""
"Boiro";"A Coruña";"21.2 (15:40)";"14.3 (07:50)";"17,8";"";"";"1,6";"0";"0,6";"0";"1"
"Monterroso";"Lugo";"";"";"";"";"";"";"";"";"";""
"Silleda";"Pontevedra";"20.9 (14:00)";"11.4 (21:10)";"16,1";"36 (14:30)";"19 (13:30)";"34,4";"0";"0,2";"26,6";"7,6"
"A Estrada";"Pontevedra";"20.7 (01:10)";"12.8 (21:40)";"16,8";"";"";"10,6";"0";"2";"4,6";"4"
"Padrón";"A Coruña";"20.5 (17:20)";"12.2 (22:40)";"16,3";"28 (02:10)";"19 (22:20)";"3,1";"0";"1,3";"0";"1,8"
"Santiago de Compostela";"A Coruña";"20.6 (05:10)";"13.5 (22:20)";"17,1";"34 (05:40)";"13 (05:40)";"8,6";"0";"3,3";"0,8";"4,5"
"Rois, Casas do Porto";"A Coruña";"20.5 (00:00)";"13.2 (23:20)";"16,8";"";"";"3,4";"0";"1,8";"0,2";"1,4"
"VilagarcÍa de Arousa";"Pontevedra";"22.6 (00:40)";"14.7 (23:40)";"18,7";"45 (04:30)";"26 (04:20)";"2,6";"0";"1,2";"0";"1,4"
"Pontevedra";"Pontevedra";"24.6 (01:50)";"14.2 (22:50)";"19,4";"42 (04:30)";"19 (04:40)";"4,6";"0";"1";"0,4";"3,2"
"A Lama";"Pontevedra";"23.6 (00:00)";"12.1 (23:59)";"17,9";"36 (02:50)";"20 (03:50)";"4";"0";"0,8";"0";"3,2"
"Vigo Aeropuerto";"Pontevedra";"23.7 (02:40)";"13.2 (22:40)";"18,5";"33 (04:00)";"24 (04:00)";"3,1";"0";"0,3";"1,4";"1,4"
"Vigo";"Pontevedra";"22.9 (01:30)";"14.1 (22:10)";"18,5";"24 (03:40)";"8 (04:00)";"11,6";"0";"0,8";"9,4";"1,4"
"Lugo Aeropuerto";"Lugo";"22.0 (15:10)";"11.5 (23:40)";"16,8";"37 (09:30)";"16 (09:30)";"11,4";"0";"0";"2";"9,4"
"Lugo";"Lugo";"25.2 (16:50)";"12.5 (23:50)";"18,9";"33 (15:40)";"15 (05:50)";"1,6";"0";"0";"0";"1,6"
"O Páramo";"Lugo";"23.9 (15:20)";"12.5 (23:59)";"18,2";"";"";"2,8";"0";"0";"0";"2,8"
"Becerreá";"Lugo";"18.2 (14:30)";"8.2 (23:20)";"13,2";"51 (04:00)";"19 (18:20)";"2,6";"0";"0";"0";"2,6"
"O Saviñao";"Lugo";"";"";"";"";"";"";"";"";"";""
"Puerto de Leitariegos";"Asturias";"16.3 (14:10)";"6.4 (23:50)";"11,3";"69 (12:00)";"44 (11:40)";"0,2";"0";"0";"0";"0,2"
"Ponferrada";"León";"23.4 (15:10)";"14.6 (23:59)";"19";"50 (08:20)";"26 (08:20)";"0";"0";"0";"0";"0"
"Vega de Espinareda";"León";"22.0 (15:10)";"11.0 (23:50)";"16,5";"";"";"0";"0";"0";"0";"0"
"O Barco de Valdeorras";"Ourense";"22.9 (17:30)";"14.2 (23:59)";"18,5";"";"";"0,2";"0";"0";"0,2";"0"
"A Pobra de Trives";"Ourense";"18.1 (14:20)";"10.4 (23:40)";"14,3";"69 (05:50)";"29 (05:30)";"7,6";"0";"1";"0,4";"6,2"
"Chandrexa de Queixa";"Ourense";"17.6 (00:10)";"8.7 (23:59)";"13,2";"66 (05:40)";"43 (05:40)";"8,6";"0";"5";"0";"3,6"
"Folgoso do Courel";"Lugo";"21.3 (01:30)";"11.0 (23:40)";"16,1";"";"";"1,4";"0";"0,6";"0,2";"0,6"
"Monforte de Lemos";"Lugo";"24.3 (15:00)";"13.5 (23:59)";"18,9";"39 (15:00)";"12 (15:10)";"9";"0";"0,4";"0,4";"8,2"
"Ourense";"Ourense";"23.3 (14:00)";"12.9 (07:40)";"18,1";"35 (15:40)";"17 (15:50)";"4,2";"0";"0,4";"0";"3,8"
"Beariz";"Ourense";"19.6 (16:10)";"10.4 (08:00)";"15";"";"";"3,4";"0";"1";"0";"2,4"
"Carballiño, O";"Ourense";"21.0 (13:30)";"12.7 (23:59)";"16,8";"25 (05:40)";"9 (05:40)";"11,2";"0";"0,1";"6,8";"4,3"
"Ribadavia";"Ourense";"22.9 (15:50)";"14.2 (08:50)";"18,5";"";"";"1,4";"0";"0";"0,2";"1,2"
"Allariz";"Ourense";"20.3 (14:00)";"11.9 (23:59)";"16,1";"";"";"5,2";"0";"0,2";"3,4";"1,6"
"A Cañiza";"Pontevedra";"19.1 (00:00)";"11.5 (23:00)";"15,3";"";"";"4,4";"0";"0,2";"1";"3,2"
"Ponteareas, Canedo";"Pontevedra";"21.8 (15:30)";"13.5 (22:50)";"17,6";"";"";"4";"0";"0,6";"2";"1,4"
"O Rosal";"Pontevedra";"21.2 (01:10)";"14.5 (23:59)";"17,9";"";"";"0,2";"0";"0";"0,2";"0"
"Xinzo de Limia";"Ourense";"18.0 (13:40)";"9.7 (23:59)";"13,8";"41 (13:00)";"25 (13:00)";"5,2";"0";"0,5";"2,9";"1,8"
"Muiños";"Ourense";"18.8 (03:10)";"10.8 (07:30)";"14,8";"";"";"7";"0";"1,2";"0,8";"5"
"Santillana del Mar, Altamira";"Cantabria";"22.0 (18:50)";"16.9 (22:50)";"19,4";"51 (09:20)";"34 (09:20)";"0";"0";"0";"0";"0"
"Vinuesa, Quintanarejo";"Soria";"18.3 (16:50)";"3.0 (08:10)";"10,6";"";"";"0";"0";"0";"0";"0"
"La Póveda de Soria, Barriomartín";"Soria";"18.4 (17:40)";"2.4 (03:00)";"10,4";"32 (14:30)";"19 (15:00)";"0";"0";"0";"0";"0"
"Soria";"Soria";"21.3 (17:40)";"5.0 (08:30)";"13,1";"28 (18:20)";"15 (18:20)";"0";"0";"0";"0";"0"
"Lubia";"Soria";"21.5 (17:00)";"4.6 (07:50)";"13";"33 (17:50)";"22 (18:00)";"0";"0";"0";"0";"0"
"Morón de Almazán";"Soria";"22.3 (16:40)";"3.4 (08:00)";"12,8";"32 (16:50)";"19 (18:40)";"0";"0";"0";"0";"0"
"La Riba de Escalote";"Soria";"21.1 (16:40)";"7.5 (07:40)";"14,3";"41 (16:40)";"28 (17:00)";"0";"0";"0";"0";"0"
"Ucero";"Soria";"20.6 (18:50)";"7.8 (08:10)";"14,2";"";"";"0";"0";"0";"0";"0"
"Burgo de Osma";"Soria";"22.0 (18:30)";"8.5 (07:20)";"15,3";"33 (11:30)";"23 (10:00)";"0";"0";"0";"0";"0"
"Liceras";"Soria";"19.6 (15:40)";"11.1 (23:30)";"15,4";"57 (08:10)";"36 (05:40)";"0";"0";"0";"0";"0"
"Coruña del Conde";"Burgos";"20.5 (18:50)";"11.2 (07:20)";"15,8";"53 (07:50)";"33 (07:50)";"0";"0";"0";"0";"0"
"Aranda de Duero";"Burgos";"21.6 (19:10)";"11.0 (01:20)";"16,3";"41 (06:10)";"20 (05:50)";"0";"0";"0";"0";"0"
"Fresno de Cantespino";"Segovia";"21.4 (18:10)";"8.0 (05:00)";"14,7";"54 (05:30)";"36 (05:30)";"0";"0";"0";"0";"0"
"Aldeanueva de Serrezuela";"Segovia";"20.0 (15:10)";"12.6 (09:20)";"16,3";"55 (06:20)";"39 (06:20)";"0";"0";"0";"0";"0"
"La Pinilla, estación de esquí";"Segovia";"14.5 (17:50)";"6.2 (23:50)";"10,3";"84 (10:50)";"40 (01:30)";"0";"0";"0";"0";"0"
"Peñafiel";"Valladolid";"22.3 (18:00)";"10.9 (07:50)";"16,6";"";"";"0";"0";"0";"0";"0"
"Sardón de Duero";"Valladolid";"";"";"";"";"";"";"0";"";"";""
"Pedraza";"Segovia";"18.8 (17:00)";"11.1 (23:40)";"14,9";"65 (10:30)";"37 (08:20)";"0";"0";"0";"0";"0"
"Cuéllar";"Segovia";"23.7 (15:20)";"6.2 (23:20)";"15";"31 (19:30)";"21 (13:40)";"0";"0";"0";"0";"0"
"Cervera de Pisuerga";"Palencia";"19.4 (17:10)";"6.1 (08:00)";"12,7";"40 (14:30)";"23 (14:30)";"0";"0";"0";"0";"0"
"Aguilar de Campoo";"Palencia";"18.9 (17:20)";"4.7 (06:50)";"11,8";"27 (14:20)";"15 (14:20)";"0";"0";"0";"0";"0"
"Villaeles de Valdavia";"Palencia";"20.8 (17:10)";"7.6 (01:30)";"14,2";"24 (15:10)";"14 (20:30)";"0";"0";"0";"0";"0"
"Villadiego";"Burgos";"17.9 (18:00)";"7.5 (08:50)";"12,7";"37 (20:40)";"29 (05:30)";"0";"0";"0";"0";"0"
"Pedrosa del Príncipe";"Burgos";"21.8 (16:50)";"8.0 (09:10)";"14,9";"37 (00:10)";"21 (00:20)";"0";"0";"0";"0";"0"
"Ólvega";"Soria";"21.2 (15:20)";"7.7 (05:40)";"14,5";"30 (00:10)";"23 (00:10)";"0";"0";"0";"0";"0"
"Palacios de la Sierra";"Burgos";"19.3 (17:10)";"9.3 (07:50)";"14,3";"39 (10:50)";"25 (10:50)";"0";"0";"0";"0";"0"
"Monterrubio de la Demanda";"Burgos";"19.1 (14:20)";"6.7 (06:40)";"12,9";"42 (02:40)";"26 (02:30)";"0";"0";"0";"0";"0"
"Villamayor de los Montes";"Burgos";"22.0 (17:10)";"13.5 (08:20)";"17,8";"42 (05:10)";"27 (05:00)";"0";"0";"0";"0";"0"
"Burgos Aeropuerto";"Burgos";"17.7 (17:20)";"5.4 (07:10)";"11,6";"36 (18:10)";"29 (18:10)";"0";"0";"0";"0";"0"
"Velilla del Río Carrión, Camporredondo de Alba";"Palencia";"16.3 (16:10)";"7.4 (07:00)";"11,8";"46 (14:20)";"27 (14:30)";"0";"0";"0";"0";"0"
"Carrión de los Condes";"Palencia";"22.6 (16:10)";"9.3 (08:00)";"16";"33 (16:40)";"17 (16:20)";"0";"0";"0";"0";"0"
"Autilla del Pino";"Palencia";"21.3 (17:20)";"8.5 (07:10)";"14,9";"37 (12:10)";"25 (05:00)";"0";"0";"0";"0";"0"
"Palencia";"Palencia";"23.1 (18:10)";"9.8 (08:00)";"16,5";"34 (23:59)";"23 (23:59)";"0";"0";"0";"0";"0"
"Valladolid";"Valladolid";"23.6 (16:40)";"11.9 (08:40)";"17,8";"37 (10:20)";"15 (15:30)";"0";"0";"0";"0";"0"
"Muñotello";"Ávila";"18.5 (15:20)";"10.4 (06:10)";"14,4";"64 (08:20)";"36 (02:40)";"0";"0";"0";"0";"0"
"Ávila";"Ávila";"19.5 (16:10)";"10.0 (08:40)";"14,8";"53 (05:10)";"27 (00:20)";"0";"0";"0";"0";"0"
"Gotarrendura";"Ávila";"";"";"";"";"";"";"";"0";"0";"0"
"Arevalo";"Ávila";"22.1 (17:20)";"12.3 (23:59)";"17,2";"41 (01:30)";"24 (01:20)";"0";"0";"0";"0";"0"
"Puerto de Navacerrada";"Madrid";"14.4 (13:20)";"5.4 (08:30)";"9,9";"64 (11:50)";"39 (11:50)";"0";"0";"0";"0";"0"
"Segovia";"Segovia";"21.1 (13:50)";"11.6 (23:50)";"16,4";"64 (00:20)";"36 (01:40)";"0";"0";"0";"0";"0"
"San Rafael";"Segovia";"18.1 (16:40)";"9.3 (22:30)";"13,7";"";"";"0";"0";"0";"0";"0"
"Miguelañez";"Segovia";"21.4 (16:00)";"10.7 (07:10)";"16";"44 (01:50)";"32 (01:50)";"0";"0";"0";"0";"0"
"La Covatilla, estación de esquí";"Salamanca";"10.3 (02:50)";"2.8 (23:59)";"6,6";"63 (07:50)";"34 (07:50)";"6,6";"0";"0";"0";"6,6"
"Olmedo, Depósito de Agua";"Valladolid";"22.4 (17:40)";"11.2 (03:20)";"16,8";"40 (14:10)";"28 (14:10)";"0";"0";"0";"0";"0"
"Rueda";"Valladolid";"23.6 (16:10)";"11.7 (05:50)";"17,7";"";"";"0";"0";"0";"0";"0"
"Rivilla de Barajas";"Ávila";"21.1 (16:20)";"10.7 (23:59)";"15,9";"54 (02:40)";"32 (04:30)";"0";"0";"0";"0";"0"
"Fuente el Sol";"Valladolid";"23.3 (16:00)";"10.7 (23:59)";"17";"45 (16:40)";"33 (14:00)";"0";"0";"0";"0";"0"
"Morales del Toro";"Zamora";"24.6 (17:50)";"12.2 (04:40)";"18,4";"43 (10:20)";"31 (10:20)";"0";"0";"0";"0";"0"
"Fuentesauco";"Zamora";"21.7 (16:40)";"11.0 (23:59)";"16,4";"41 (18:40)";"30 (02:00)";"0";"0";"0";"0";"0"
"Santervás de la Vega, Villapún";"Palencia";"19.4 (17:30)";"9.2 (07:30)";"14,3";"30 (13:40)";"21 (13:40)";"0";"0";"0";"0";"0"
"Villalón de Campos";"Valladolid";"23.9 (17:20)";"7.8 (00:20)";"15,8";"29 (15:30)";"19 (23:50)";"0,2";"0";"0,2";"0";"0"
"Medina de Rioseco";"Valladolid";"22.7 (16:50)";"9.5 (06:30)";"16,1";"30 (15:10)";"21 (18:10)";"0";"0";"0";"0";"0"
"Villafáfila";"Zamora";"21.4 (16:40)";"10.0 (04:40)";"15,7";"46 (01:50)";"26 (01:50)";"0,2";"0";"0,2";"0";"0"
"Zamora";"Zamora";"23.3 (15:50)";"13.0 (23:59)";"18,1";"28 (02:40)";"16 (02:40)";"0";"0";"0";"0";"0"
"Riaño";"León";"18.3 (17:00)";"6.1 (06:30)";"12,2";"55 (07:30)";"39 (07:30)";"0";"0";"0";"0";"0"
"Cubillas de Rueda";"León";"20.2 (16:10)";"11.9 (23:59)";"16,1";"50 (14:30)";"33 (14:10)";"0";"0";"0";"0";"0"
"Puerto de San Isidro";"León";"15.5 (14:50)";"4.9 (23:20)";"10,2";"84 (12:50)";"39 (12:30)";"0,2";"0";"0";"0";"0,2"
"León, Virgen del Camino";"León";"20.9 (17:40)";"11.8 (10:00)";"16,3";"42 (14:10)";"29 (14:20)";"0";"0";"0";"0";"0"
"Valencia de Don Juan";"León";"20.6 (16:50)";"11.0 (03:40)";"15,8";"48 (13:40)";"35 (06:30)";"0";"0";"0";"0";"0"
"Barrios de Luna, Miñera";"León";"19.0 (15:50)";"9.5 (23:59)";"14,3";"50 (12:20)";"31 (15:00)";"1";"0";"0";"0";"1"
"Quintana del Castillo, Villameca";"León";"19.6 (15:20)";"9.2 (06:00)";"14,4";"40 (12:40)";"27 (12:50)";"0";"0";"0";"0";"0"
"Astorga";"León";"20.3 (17:30)";"8.5 (08:10)";"14,4";"33 (16:40)";"22 (14:20)";"0";"0";"0";"0";"0"
"Lagunas de Somoza";"León";"20.1 (16:10)";"7.2 (23:20)";"13,7";"27 (18:10)";"17 (14:40)";"0,2";"0";"0,2";"0";"0"
"Bustillo del Páramo";"León";"20.8 (17:40)";"9.4 (05:50)";"15,1";"40 (14:00)";"30 (14:00)";"0";"0";"0";"0";"0"
"Benavente";"Zamora";"22.5 (16:50)";"11.7 (05:30)";"17,1";"37 (22:00)";"17 (22:00)";"0";"0";"0";"0";"0"
"Sanabria, Robleda-Cervantes";"Zamora";"19.7 (15:40)";"8.3 (23:59)";"14";"31 (15:40)";"14 (15:40)";"0,4";"0";"0,4";"0";"0"
"Villardeciervos";"Zamora";"20.3 (16:10)";"9.6 (07:30)";"14,9";"46 (00:10)";"26 (20:20)";"0";"0";"0";"0";"0"
"Santibañez de Vidriales";"Zamora";"21.2 (15:50)";"10.2 (09:00)";"15,7";"36 (21:00)";"25 (21:00)";"0";"0";"0";"0";"0"
"Pozuelo de Tabara";"Zamora";"21.1 (16:30)";"10.2 (06:00)";"15,7";"39 (21:00)";"30 (21:20)";"0";"0";"0";"0";"0"
"Villadepera";"Zamora";"19.4 (16:40)";"10.2 (23:40)";"14,8";"44 (15:30)";"29 (15:30)";"0";"0";"0";"0";"0"
"Barco de Avila";"Ávila";"18.4 (15:20)";"10.2 (22:40)";"14,3";"52 (08:30)";"28 (08:20)";"2,2";"0";"0";"0";"2,2"
"Pedrosillo de Los Aires";"Salamanca";"";"";"";"50 (08:10)";"31 (02:00)";"0";"0";"0";"0";"0"
"Salamanca Aeropuerto";"Salamanca";"22.2 (15:50)";"11.9 (23:59)";"17,1";"42 (11:40)";"29 (11:50)";"0";"0";"0";"0";"0"
"Salamanca";"Salamanca";"22.3 (15:10)";"13.8 (23:59)";"18";"41 (16:20)";"19 (16:20)";"0";"0";"0";"0";"0"
"Barbadillo";"Salamanca";"19.7 (15:10)";"12.4 (23:59)";"16,1";"46 (03:20)";"30 (15:50)";"0";"0";"0";"0";"0"
"Peñausende";"Zamora";"18.4 (14:50)";"10.3 (23:10)";"14,3";"";"29 (04:10)";"0";"0";"0";"0";"0"
"Ledesma";"Salamanca";"19.4 (16:50)";"11.9 (23:10)";"15,6";"45 (04:30)";"23 (04:50)";"0";"0";"0";"0";"0"
"Fresno de Sayago";"Zamora";"20.2 (17:20)";"9.7 (23:50)";"15";"44 (04:40)";"27 (11:00)";"0";"0";"0";"0";"0"
"Villarino de los Aires";"Salamanca";"21.0 (16:30)";"11.5 (23:40)";"16,3";"62 (04:50)";"29 (05:00)";"0,8";"0";"0";"0";"0,8"
"Boadilla Fuente San Esteban";"Salamanca";"19.7 (03:30)";"11.2 (23:30)";"15,5";"77 (03:40)";"47 (03:40)";"2,8";"0";"0";"0";"2,8"
"Vitigudino";"Salamanca";"20.0 (16:30)";"10.9 (23:50)";"15,4";"64 (04:10)";"36 (04:10)";"3";"0";"0";"0";"3"
"El Maíllo";"Salamanca";"19.0 (02:30)";"10.0 (23:59)";"14,5";"98 (02:30)";"55 (02:50)";"1,4";"0";"0,2";"0";"1,2"
"Bañobárez";"Salamanca";"19.0 (03:50)";"11.0 (23:50)";"15";"84 (03:50)";"45 (03:50)";"3,8";"0";"0";"0";"3,8"
"Navasfrías";"Salamanca";"18.1 (00:00)";"9.8 (23:40)";"14";"55 (03:50)";"30 (03:30)";"5,6";"0";"0";"1,4";"4,2"
"El Bodón Base Aérea";"Salamanca";"18.7 (01:30)";"10.8 (23:40)";"14,8";"77 (03:20)";"40 (02:50)";"1,6";"0";"0";"0";"1,6"
"Saelices El Chico";"Salamanca";"20.1 (03:30)";"11.7 (23:30)";"15,9";"91 (03:40)";"44 (03:40)";"2,4";"0";"0";"0";"2,4"
"Alcañices";"Zamora";"20.6 (17:00)";"9.2 (22:50)";"14,9";"52 (19:50)";"33 (20:00)";"0";"0";"0";"0";"0"
"A Gudiña";"Ourense";"18.4 (15:30)";"9.4 (23:30)";"13,9";"";"";"7";"0";"2";"0,2";"4,8"
"Verín";"Ourense";"21.8 (00:00)";"11.4 (23:59)";"16,6";"";"";"3,8";"0";"0,6";"0";"3,2"
"Molina de Aragón";"Guadalajara";"22.8 (17:30)";"2.6 (08:30)";"12,7";"31 (13:20)";"18 (16:50)";"0";"0";"0";"0";"0"
"Zaorejas";"Guadalajara";"21.1 (16:10)";"7.7 (08:40)";"14,4";"35 (19:20)";"19 (17:30)";"0";"0";"0";"0";"0"
"Cañizares";"Cuenca";"24.3 (16:40)";"5.0 (08:10)";"14,6";"";"";"0";"0";"0";"0";"0"
"Pastrana";"Guadalajara";"";"";"";"";"";"0";"0";"0";"0";"0"
"Tarancón";"Cuenca";"26.1 (17:10)";"10.8 (07:10)";"18,5";"61 (11:40)";"33 (11:10)";"0";"0";"0";"0";"0"
"Ocaña";"Toledo";"22.5 (14:50)";"10.5 (08:10)";"16,5";"50 (02:40)";"33 (02:30)";"0";"0";"0";"0";"0"
"Aranjuez";"Madrid";"24.4 (15:10)";"10.1 (08:10)";"17,3";"59 (03:00)";"40 (03:00)";"0";"0";"0";"0";"0"
"Pantano el Vado";"Guadalajara";"21.7 (17:10)";"6.5 (07:50)";"14,1";"29 (14:50)";"12 (17:30)";"0";"0";"0";"0";"0"
"Rascafría";"Madrid";"19.9 (16:50)";"4.7 (05:40)";"12,3";"25 (14:20)";"12 (15:20)";"0";"0";"0";"0";"0"
"Buitrago del Lozoya";"Madrid";"19.8 (17:20)";"5.6 (06:30)";"12,7";"31 (14:20)";"19 (14:20)";"0";"0";"0";"0";"0"
"San Sebastián de Los Reyes";"Madrid";"24.0 (16:30)";"9.8 (08:10)";"16,9";"";"";"0";"0";"0";"0";"0"
"Madrid, El Goloso";"Madrid";"20.8 (15:10)";"9.5 (08:10)";"15,1";"26 (12:40)";"12 (10:30)";"0";"0";"0";"0";"0"
"Madrid Aeropuerto";"Madrid";"23.2 (16:30)";"8.3 (08:00)";"15,8";"45 (16:20)";"21 (18:00)";"0";"0";"0";"0";"0"
"Sigüenza";"Guadalajara";"22.4 (16:50)";"1.6 (08:00)";"12";"36 (16:00)";"19 (17:10)";"0";"0";"0";"0";"0"
"Mandayona";"Guadalajara";"21.6 (16:10)";"6.4 (08:10)";"14";"";"";"0";"0";"0";"0";"0"
"Campisábalos";"Guadalajara";"";"";"";"";"";"0";"0";"0";"0";"0"
"Guadalajara";"Guadalajara";"23.9 (16:40)";"9.0 (08:10)";"16,4";"48 (14:50)";"30 (15:00)";"0";"0";"0";"0";"0"
"Alcala de Henares";"Madrid";"24.9 (17:10)";"6.6 (07:30)";"15,7";"36 (15:00)";"24 (15:00)";"0";"0";"0";"0";"0"
"Arganda del Rey";"Madrid";"24.7 (16:20)";"9.6 (06:30)";"17,2";"34 (16:40)";"21 (17:40)";"0";"0";"0";"0";"0"
"Colmenar Viejo";"Madrid";"19.4 (16:50)";"10.0 (08:10)";"14,7";"33 (13:00)";"18 (12:50)";"0";"0";"0";"0";"0"
"Madrid, Ciudad Universitaria";"Madrid";"23.6 (17:30)";"10.5 (06:40)";"17,1";"";"";"0";"0";"0";"0";"0"
"Pozuelo de Alarcón";"Madrid";"23.0 (17:10)";"10.6 (06:50)";"16,8";"";"";"0";"0";"0";"0";"0"
"Madrid, Retiro";"Madrid";"22.3 (15:50)";"12.6 (06:50)";"17,4";"";"";"0";"0";"0";"0";"0"
"Brihuega";"Guadalajara";"21.8 (16:30)";"7.9 (07:10)";"14,8";"";"";"0";"0";"0";"0";"0"
"Tielmes";"Madrid";"24.4 (16:20)";"10.9 (06:00)";"17,6";"";"";"0";"0";"0";"0";"0"
"Tembleque";"Toledo";"25.7 (16:10)";"11.5 (05:50)";"18,6";"";"";"0";"0";"0";"0";"0"
"Mora";"Toledo";"23.1 (15:50)";"10.3 (07:40)";"16,7";"51 (01:50)";"24 (00:40)";"0";"0";"0";"0";"0"
"Toledo";"Toledo";"24.3 (16:50)";"11.9 (08:00)";"18,1";"58 (00:50)";"38 (01:20)";"0";"0";"0";"0";"0"
"Puerto Alto del León";"Madrid";"13.7 (17:00)";"5.8 (08:10)";"9,8";"48 (13:10)";"30 (01:00)";"0";"0";"0";"0";"0"
"Alpedrete";"Madrid";"21.4 (16:20)";"10.5 (08:10)";"15,9";"34 (12:30)";"17 (12:00)";"0";"0";"0";"0";"0"
"Torrelodones";"Madrid";"22.0 (16:50)";"10.0 (23:59)";"16";"37 (12:40)";"19 (13:10)";"0";"0";"0";"0";"0"
"San Pablo de los Montes";"Toledo";"";"";"";"";"";"";"";"";"";""
"Navahermosa";"Toledo";"22.3 (15:20)";"10.0 (08:30)";"16,1";"";"";"0";"0";"0";"0";"0"
"Puerto El Pico";"Ávila";"15.9 (17:20)";"5.5 (03:50)";"10,7";"40 (16:40)";"19 (17:00)";"0,2";"0";"0,2";"0";"0"
"Rozas de Puerto Real";"Madrid";"19.3 (16:50)";"10.1 (08:40)";"14,7";"";"";"0";"0";"0";"0";"0"
"Robledo de Chavela";"Madrid";"20.9 (17:10)";"11.0 (07:30)";"15,9";"37 (23:40)";"18 (23:50)";"0";"0";"0";"0";"0"
"Valdemorillo";"Madrid";"20.5 (16:10)";"11.0 (08:30)";"15,8";"37 (12:20)";"18 (18:10)";"0";"0";"0";"0";"0"
"Villanueva de la Cañada";"Madrid";"23.3 (17:00)";"11.3 (05:50)";"17,3";"32 (12:10)";"19 (10:20)";"0";"0";"0";"0";"0"
"Castillo de Bayuela";"Toledo";"22.9 (17:10)";"13.0 (10:10)";"17,9";"";"";"0";"0";"0";"0";"0"
"Talavera de la Reina";"Toledo";"26.3 (16:50)";"13.9 (09:00)";"20,1";"59 (02:00)";"26 (01:50)";"0";"0";"0";"0";"0"
"Navalvillar de Ibor";"Cáceres";"19.9 (00:50)";"11.3 (23:59)";"15,6";"36 (16:00)";"14 (00:50)";"4,6";"0";"0";"0";"4,6"
"Candeleda";"Ávila";"24.6 (17:20)";"13.2 (10:10)";"18,9";"54 (00:10)";"35 (00:10)";"1,2";"0";"0";"0";"1,2"
"Madrigal de la Vera";"Cáceres";"23.7 (16:00)";"12.7 (23:50)";"18,2";"37 (00:10)";"13 (00:20)";"8";"0";"0";"0";"8"
"Oropesa";"Toledo";"23.8 (17:50)";"13.3 (23:59)";"18,5";"";"";"";"";"";"";""
"Navalmoral de la Mata";"Cáceres";"23.9 (16:50)";"13.6 (23:50)";"18,8";"46 (09:30)";"25 (00:40)";"7,4";"0";"0";"0";"7,4"
"Garganta la Olla";"Cáceres";"19.5 (15:30)";"10.6 (23:20)";"15,1";"39 (00:20)";"20 (00:30)";"18,4";"0";"0";"0";"18,4"
"Serradilla";"Cáceres";"21.8 (15:50)";"13.0 (23:00)";"17,4";"64 (00:30)";"37 (01:30)";"17,4";"0";"0";"0";"17,4"
"Jaraicejo";"Cáceres";"20.9 (16:50)";"12.4 (23:20)";"16,6";"47 (01:50)";"35 (06:40)";"15,2";"0";"0";"0";"15,2"
"Trujillo";"Cáceres";"21.8 (01:40)";"13.0 (22:20)";"17,4";"36 (07:30)";"23 (01:40)";"10,5";"0";"0";"0";"10,5"
"Cáceres";"Cáceres";"22.0 (16:20)";"13.8 (23:59)";"17,9";"40 (07:40)";"26 (07:40)";"7,4";"0";"0";"1";"6,4"
"Cañaveral";"Cáceres";"";"";"";"";"";"";"";"";"";""
"Nuñomoral";"Cáceres";"21.0 (03:10)";"12.8 (23:50)";"16,9";"42 (16:40)";"17 (14:40)";"1,8";"0";"0";"0";"1,8"
"Guijo de Granadilla";"Cáceres";"22.7 (00:00)";"13.5 (22:10)";"18,1";"51 (01:10)";"30 (02:30)";"4,2";"0";"0";"0";"4,2"
"Hervás";"Cáceres";"22.0 (00:00)";"11.4 (23:20)";"16,7";"78 (08:30)";"31 (08:30)";"3,2";"0";"0";"0";"3,2"
"Montehermoso";"Cáceres";"22.4 (16:30)";"13.6 (23:50)";"18";"60 (02:10)";"33 (02:30)";"6";"0";"0";"0,2";"5,8"
"Tornavacas";"Cáceres";"20.3 (00:00)";"10.1 (23:50)";"15,2";"51 (07:40)";"29 (14:30)";"5,2";"0";"0";"0";"5,2"
"Piornal";"Cáceres";"16.2 (15:40)";"6.9 (09:40)";"11,6";"58 (00:20)";"31 (04:00)";"11,4";"0";"0";"0";"11,4"
"Plasencia";"Cáceres";"23.8 (17:00)";"13.2 (23:30)";"18,5";"51 (00:10)";"20 (01:00)";"7,7";"0";"0";"0";"7,7"
"Coria";"Cáceres";"22.7 (15:30)";"13.7 (09:00)";"18,2";"73 (01:30)";"44 (02:10)";"5,4";"0";"0";"1";"4,4"
"Hoyos";"Cáceres";"19.5 (03:20)";"12.9 (06:40)";"16,2";"58 (03:10)";"32 (03:20)";"5,6";"0";"0";"1,8";"3,8"
"Zarza La Mayor";"Cáceres";"22.2 (03:00)";"13.3 (23:10)";"17,8";"74 (02:50)";"41 (02:50)";"3,6";"0";"0";"0,8";"2,8"
"Valverde del Fresno";"Cáceres";"21.1 (00:00)";"12.4 (08:40)";"16,8";"52 (03:50)";"29 (05:10)";"3,8";"0";"0";"0,6";"3,2"
"Aliseda";"Cáceres";"22.7 (02:10)";"14.0 (22:20)";"18,4";"43 (03:30)";"26 (03:30)";"11,2";"0";"0";"2,2";"9"
"Brozas";"Cáceres";"20.9 (14:40)";"12.1 (23:30)";"16,5";"41 (01:30)";"28 (01:30)";"8,8";"0";"0";"3";"5,8"
"Valencia de Alcántara";"Cáceres";"20.3 (00:00)";"12.5 (08:30)";"16,4";"49 (02:00)";"23 (01:10)";"6";"0";"0";"3,6";"2,4"
"Ossa de Montiel";"Albacete";"25.5 (13:40)";"11.3 (03:40)";"18,4";"41 (11:30)";"21 (12:30)";"0";"0";"0";"0";"0"
"Alcázar del Rey";"Cuenca";"22.4 (17:10)";"9.9 (07:20)";"16,1";"54 (10:50)";"32 (10:50)";"0";"0";"0";"0";"0"
"Quintanar de la Orden";"Toledo";"25.1 (16:40)";"10.8 (04:40)";"18";"48 (03:30)";"18 (03:30)";"0";"0";"0";"0";"0"
"Alcazar de San Juan";"Ciudad Real";"";"";"";"";"";"";"";"";"";""
"Madridejos";"Toledo";"24.2 (16:10)";"9.6 (08:30)";"16,9";"";"";"0";"0";"0";"0";"0"
"Abia de Obispalia";"Cuenca";"21.0 (15:30)";"9.3 (08:10)";"15,2";"51 (13:10)";"31 (12:50)";"0";"0";"0";"0";"0"
"Villares del Saz";"Cuenca";"21.3 (16:50)";"8.9 (08:20)";"15,1";"";"";"0";"0";"0";"0";"0"
"Alberca de Zancara";"Cuenca";"23.1 (17:10)";"6.3 (06:10)";"14,7";"45 (14:00)";"23 (14:50)";"0";"0";"0";"0";"0"
"San Clemente";"Cuenca";"22.7 (16:30)";"8.1 (07:40)";"15,4";"59 (10:30)";"31 (10:40)";"0";"0";"0";"0";"0"
"Villarrobledo";"Albacete";"25.8 (17:30)";"8.0 (07:00)";"16,9";"51 (14:10)";"33 (14:10)";"0";"0";"0";"0";"0"
"Osa de la Vega";"Cuenca";"24.6 (17:30)";"9.2 (06:10)";"16,9";"49 (10:30)";"32 (14:30)";"0";"0";"0";"0";"0"
"Belmonte";"Cuenca";"23.7 (18:10)";"9.6 (07:10)";"16,7";"59 (10:50)";"36 (03:30)";"0";"0";"0";"0";"0"
"Munera";"Albacete";"24.8 (15:30)";"6.9 (07:40)";"15,8";"36 (11:50)";"16 (02:50)";"0";"0";"0";"0";"0"
"Tomelloso";"Ciudad Real";"25.6 (15:20)";"8.5 (07:00)";"17,1";"";"";"0";"0";"0";"0";"0"
"Ciudad Real";"Ciudad Real";"23.5 (16:00)";"9.6 (08:40)";"16,6";"36 (19:20)";"17 (01:10)";"0";"0";"0";"0";"0"
"Villanueva de los Infantes";"Ciudad Real";"25.6 (15:30)";"13.2 (01:40)";"19,4";"43 (12:40)";"28 (13:40)";"0";"0";"0";"0";"0"
"Valdepeñas";"Ciudad Real";"25.0 (15:40)";"10.7 (08:40)";"17,8";"33 (16:00)";"17 (08:40)";"0";"0";"0";"0";"0"
"Viso del Marqués";"Ciudad Real";"24.4 (16:30)";"12.2 (23:30)";"18,3";"41 (17:40)";"31 (05:10)";"0";"0";"0";"0";"0"
"Abenójar";"Ciudad Real";"22.2 (16:40)";"9.3 (08:10)";"15,8";"45 (07:20)";"31 (07:20)";"0";"0";"0";"0";"0"
"Puebla de Don Rodrigo";"Ciudad Real";"23.4 (14:50)";"12.2 (08:20)";"17,8";"37 (19:30)";"21 (19:30)";"0";"0";"0";"0";"0"
"Puerto Rey";"Cáceres";"20.8 (17:50)";"12.8 (09:40)";"16,8";"";"";"1,8";"0";"0";"0";"1,8"
"Herrera del Duque";"Badajoz";"22.9 (16:20)";"15.2 (23:59)";"19";"41 (00:30)";"25 (00:40)";"0";"0";"0";"0";"0"
"Guadalupe";"Cáceres";"21.5 (16:40)";"12.0 (21:50)";"16,8";"26 (14:00)";"15 (13:10)";"2,8";"0";"0";"0";"2,8"
"Peraleda del Zaucejo";"Badajoz";"19.8 (16:20)";"10.9 (07:30)";"15,3";"41 (11:20)";"25 (17:00)";"0";"0";"0";"0";"0"
"Valsequillo";"Córdoba";"20.3 (15:50)";"12.7 (23:50)";"16,5";"43 (15:00)";"28 (12:50)";"0";"0";"0";"0";"0"
"Hinojosa del Duque";"Córdoba";"22.1 (16:10)";"13.0 (08:30)";"17,6";"40 (15:00)";"26 (14:10)";"0";"0";"0";"0";"0"
"Almadén";"Ciudad Real";"22.8 (16:40)";"13.3 (08:40)";"18";"51 (14:50)";"30 (18:00)";"0";"0";"0";"0";"0"
"Castuera";"Badajoz";"21.3 (00:00)";"13.8 (09:10)";"17,5";"47 (13:30)";"35 (05:40)";"0";"0";"0";"0";"0"
"Cañamero";"Cáceres";"20.6 (16:50)";"12.6 (23:10)";"16,6";"44 (06:10)";"23 (17:30)";"3,6";"0";"0";"0";"3,6"
"Navalvillar de Pela";"Badajoz";"23.0 (15:40)";"13.8 (08:40)";"18,4";"37 (13:40)";"22 (17:50)";"0";"0";"0";"0";"0"
"Zorita";"Cáceres";"21.7 (16:00)";"13.0 (23:59)";"17,4";"46 (17:00)";"29 (17:00)";"14,6";"0";"0";"0";"14,6"
"Don Benito";"Badajoz";"23.4 (15:30)";"14.6 (23:59)";"19";"38 (20:50)";"22 (17:20)";"2,8";"0";"0";"0,8";"2"
"Llerena";"Badajoz";"19.2 (00:00)";"11.8 (23:40)";"15,5";"59 (01:40)";"41 (00:30)";"1";"0";"0";"0";"1"
"Villafranca de los Barros";"Badajoz";"21.6 (14:10)";"12.5 (09:10)";"17,1";"48 (18:40)";"34 (18:30)";"1";"0";"0";"0";"1"
"Mérida";"Badajoz";"24.2 (17:00)";"13.4 (08:50)";"18,8";"35 (17:00)";"27 (17:20)";"20,8";"0";"0";"0";"20,8"
"Alcuescar";"Cáceres";"21.8 (16:20)";"13.1 (23:50)";"17,4";"44 (16:50)";"27 (17:10)";"11";"0";"0";"0,8";"10,2"
"Zafra";"Badajoz";"19.6 (14:20)";"11.8 (08:40)";"15,7";"45 (03:20)";"29 (03:20)";"1";"0";"0";"0";"1"
"Almendralejo";"Badajoz";"21.4 (13:40)";"13.3 (09:10)";"17,3";"55 (16:50)";"41 (16:50)";"6,6";"0";"0";"0";"6,6"
"Badajoz Aeropuerto";"Badajoz";"21.6 (15:30)";"12.9 (08:40)";"17,3";"31 (15:50)";"16 (15:30)";"7";"0";"0";"0,4";"6,6"
"Alburquerque";"Badajoz";"21.7 (00:00)";"11.9 (08:00)";"16,8";"36 (00:50)";"21 (00:50)";"9,2";"0";"0";"6,4";"2,8"
"Puebla de Obando";"Badajoz";"21.1 (15:30)";"12.6 (08:50)";"16,9";"39 (01:00)";"25 (01:00)";"8,6";"0";"0";"1,4";"7,2"
"Badajoz";"Badajoz";"21.5 (14:30)";"13.8 (08:20)";"17,7";"31 (15:00)";"17 (13:20)";"22,6";"0";"0";"10,6";"12"
"Olivenza";"Badajoz";"20.7 (14:20)";"12.2 (07:40)";"16,5";"42 (14:30)";"27 (01:50)";"13,6";"0";"0";"10,2";"3,4"
"Alconchel";"Badajoz";"21.0 (13:20)";"14.0 (07:50)";"17,5";"49 (02:00)";"32 (18:10)";"3,2";"0";"0";"0,4";"2,8"
"Barcarrota";"Badajoz";"20.6 (16:00)";"12.7 (08:20)";"16,7";"44 (15:30)";"24 (16:10)";"8,2";"0";"0";"0";"8,2"
"Villanueva del Fresno";"Badajoz";"21.2 (14:10)";"13.4 (06:50)";"17,3";"50 (17:40)";"36 (15:20)";"9,4";"0";"0";"3,6";"5,8"
"Monesterio";"Badajoz";"16.4 (14:40)";"11.1 (23:59)";"13,8";"51 (08:10)";"28 (08:20)";"1,8";"0";"0";"0,4";"1,4"
"Fuente de Cantos";"Badajoz";"18.8 (15:00)";"11.5 (23:30)";"15,1";"52 (15:40)";"38 (15:40)";"0";"0";"0";"0";"0"
"Jerez de los Caballeros";"Badajoz";"20.9 (00:50)";"13.2 (09:00)";"17";"";"";"2,4";"0";"0";"0";"2,4"
"Fregenal de la Sierra";"Badajoz";"18.1 (13:40)";"11.8 (22:40)";"15";"37 (12:50)";"19 (12:50)";"0";"0";"0";"0";"0"
"Aroche";"Huelva";"19.9 (17:10)";"13.6 (06:40)";"16,8";"36 (18:10)";"21 (04:30)";"0,6";"0";"0";"0";"0,6"
"El Granado";"Huelva";"22.2 (15:40)";"14.7 (08:40)";"18,5";"";"";"0";"0";"0";"0";"0"
"Ayamonte";"Huelva";"21.1 (15:00)";"15.1 (23:50)";"18,1";"30 (15:50)";"19 (15:50)";"0";"0";"0";"0";"0"
"Cartaya";"Huelva";"19.7 (13:00)";"16.0 (08:20)";"17,9";"39 (02:20)";"18 (02:00)";"0";"0";"0";"0";"0"
"Alajar";"Huelva";"19.0 (13:10)";"12.3 (07:10)";"15,7";"40 (13:20)";"24 (16:40)";"1,6";"0";"0";"1,4";"0,2"
"Valverde del Camino";"Huelva";"20.6 (13:00)";"14.1 (23:30)";"17,4";"";"";"0,8";"0";"0";"0,8";"0"
"El Cerro de Andévalo";"Huelva";"19.8 (12:30)";"13.6 (06:10)";"16,7";"";"";"1,6";"0";"0";"1,6";"0"
"Alosno, Tharsis";"Huelva";"19.1 (16:00)";"13.1 (23:59)";"16,1";"53 (05:30)";"35 (05:40)";"0";"0";"0";"0";"0"
"El Campillo";"Huelva";"18.0 (13:50)";"12.5 (23:40)";"15,3";"40 (13:40)";"28 (13:50)";"0,8";"0";"0";"0,6";"0,2"
"Villarrasa";"Huelva";"20.7 (13:00)";"14.2 (23:59)";"17,5";"35 (13:30)";"17 (15:30)";"2,2";"0";"0";"2";"0,2"
"Huelva, Ronda Este";"Huelva";"20.7 (15:10)";"15.7 (23:50)";"18,2";"44 (06:00)";"27 (15:10)";"3,8";"0";"0";"3,8";"0"
"Ceuta";"Ceuta";"19.0 (17:10)";"14.6 (09:10)";"16,8";"27 (03:00)";"16 (00:50)";"0";"0";"0";"0";"0"
"Cazorla";"Jaén";"24.2 (15:30)";"15.8 (23:59)";"20";"";"";"0";"0";"0";"0";"0"
"Baza";"Granada";"26.5 (17:00)";"7.4 (04:40)";"17";"34 (18:30)";"23 (18:40)";"0";"0";"0";"0";"0"
"Vélez Blanco - Topares";"Almería";"19.3 (17:30)";"6.8 (02:40)";"13";"";"";"0";"0";"0";"0";"0"
"Dólar";"Granada";"24.7 (15:40)";"10.4 (23:59)";"17,6";"58 (07:10)";"35 (01:40)";"0";"0";"0";"0";"0"
"Baeza";"Jaén";"22.4 (17:20)";"13.8 (23:59)";"18,1";"45 (03:30)";"19 (02:50)";"0";"0";"0";"0";"0"
"Torres";"Jaén";"21.7 (15:50)";"13.0 (23:59)";"17,4";"";"";"0";"0";"0";"0";"0"
"Arroyo del Ojanco";"Jaén";"24.9 (11:30)";"14.6 (06:00)";"19,8";"";"";"0";"0";"0";"0";"0"
"Villanueva del Arzobispo";"Jaén";"23.1 (11:50)";"13.0 (05:00)";"18,1";"34 (12:40)";"18 (12:40)";"0";"0";"0";"0";"0"
"Santa Elena";"Jaén";"22.8 (15:40)";"13.7 (06:10)";"18,2";"40 (17:10)";"19 (16:50)";"0";"0";"0";"0";"0"
"Jaén";"Jaén";"22.7 (16:50)";"14.8 (23:59)";"18,8";"64 (00:20)";"33 (08:00)";"0";"0";"0";"0";"0"
"Linares";"Jaén";"22.4 (15:40)";"15.7 (23:59)";"19";"37 (17:20)";"17 (16:40)";"0";"0";"0";"0";"0"
"Bailén";"Jaén";"24.1 (17:30)";"16.0 (09:00)";"20,1";"33 (15:50)";"14 (15:50)";"0";"0";"0";"0";"0"
"Andújar";"Jaén";"25.9 (16:10)";"12.6 (09:00)";"19,3";"45 (12:50)";"32 (13:00)";"0";"0";"0";"0";"0"
"Puertollano";"Ciudad Real";"24.0 (15:40)";"11.4 (08:50)";"17,7";"33 (15:30)";"16 (00:30)";"0";"0";"0";"0";"0"
"Fuencaliente";"Ciudad Real";"21.5 (15:20)";"10.3 (08:30)";"15,9";"35 (13:50)";"18 (15:00)";"0";"0";"0";"0";"0"
"Cardeña";"Córdoba";"21.8 (16:30)";"12.5 (23:59)";"17,1";"";"";"0";"0";"0";"0";"0"
"Montoro";"Córdoba";"24.6 (17:00)";"13.2 (08:20)";"18,9";"42 (12:10)";"24 (12:10)";"0";"0";"0";"0";"0"
"Villanueva de Córdoba";"Córdoba";"21.1 (16:10)";"12.5 (07:40)";"16,8";"42 (16:20)";"23 (16:00)";"0";"0";"0";"0";"0"
"Córdoba, Embalse de Guadanuño";"Córdoba";"21.6 (15:30)";"11.0 (08:20)";"16,3";"43 (12:30)";"26 (12:00)";"0";"0";"0";"0";"0"
"Córdoba Aeropuerto";"Córdoba";"24.6 (16:20)";"11.2 (08:20)";"17,9";"52 (11:10)";"33 (11:10)";"0";"0";"0";"0";"0"
"Alcalá La Real";"Jaén";"21.3 (18:00)";"12.8 (23:59)";"17";"41 (08:20)";"21 (05:00)";"0";"0";"0";"0";"0"
"Priego de Córdoba";"Córdoba";"22.8 (16:50)";"13.1 (09:00)";"17,9";"40 (16:10)";"28 (17:10)";"0";"0";"0";"0";"0"
"Doña Mencía";"Córdoba";"23.7 (01:10)";"13.6 (09:50)";"18,7";"60 (00:10)";"35 (00:10)";"0";"0";"0";"0";"0"
"Córdoba, Prágdena";"Córdoba";"24.1 (16:30)";"13.0 (08:10)";"18,6";"46 (14:00)";"33 (11:20)";"0";"0";"0";"0";"0"
"Espiel";"Córdoba";"22.3 (15:20)";"11.0 (01:50)";"16,6";"33 (11:00)";"17 (11:20)";"0";"0";"0";"0";"0"
"Fuente Palmera";"Córdoba";"24.4 (16:50)";"13.2 (08:50)";"18,8";"42 (10:30)";"26 (10:30)";"0";"0";"0";"0";"0"
"Azuaga";"Badajoz";"19.7 (17:50)";"12.1 (23:59)";"15,9";"40 (13:00)";"25 (13:00)";"0";"0";"0";"0";"0"
"Granada Base Aérea";"Granada";"24.9 (15:50)";"7.5 (07:00)";"16,2";"40 (18:10)";"27 (17:40)";"0";"0";"0";"0";"0"
"Víznar";"Granada";"17.2 (10:00)";"9.5 (23:59)";"13,4";"";"22 (17:40)";"0";"0";"0";"0";"0"
"Granada-Cartuja";"Granada";"25.0 (15:50)";"11.7 (07:30)";"18,3";"31 (17:40)";"12 (18:30)";"0";"0";"0";"0";"0"
"Granada Aeropuerto";"Granada";"24.3 (16:40)";"11.3 (07:20)";"17,8";"39 (17:00)";"26 (17:00)";"0";"0";"0";"0";"0"
"Benamejí";"Córdoba";"23.2 (17:20)";"13.8 (09:00)";"18,5";"47 (01:50)";"34 (01:40)";"0";"0";"0";"0";"0"
"La Roda de Andalucía";"Sevilla";"";"";"";"60 (01:30)";"28 (02:50)";"0";"0";"0";"0";"0"
"Lora de Estepa";"Sevilla";"22.1 (15:20)";"14.3 (08:00)";"18,2";"";"";"0";"0";"0";"0";"0"
"Aguilar de la Frontera";"Córdoba";"23.3 (15:00)";"13.5 (08:50)";"18,4";"39 (04:00)";"25 (04:00)";"0";"0";"0";"0";"0"
"La Rambla";"Córdoba";"25.2 (16:30)";"13.0 (01:10)";"19,1";"42 (12:10)";"27 (12:10)";"0";"0";"0";"0";"0"
"Écija";"Sevilla";"25.7 (17:30)";"16.6 (07:40)";"21,2";"";"";"0";"0";"0";"0";"0"
"La Puebla de los Infantes";"Sevilla";"23.1 (16:20)";"11.6 (07:00)";"17,4";"41 (18:10)";"26 (18:10)";"0";"0";"0";"0";"0"
"Fuentes de Andalucía";"Sevilla";"23.9 (15:10)";"13.3 (08:30)";"18,6";"47 (18:10)";"33 (10:50)";"0,4";"0";"0";"0";"0,4"
"Carmona";"Sevilla";"23.1 (15:50)";"13.8 (06:40)";"18,5";"43 (09:50)";"27 (18:30)";"0";"0";"0";"0";"0"
"Cazalla de la Sierra";"Sevilla";"19.0 (01:00)";"12.4 (23:40)";"15,7";"32 (16:50)";"17 (00:10)";"2,2";"0";"0";"0";"2,2"
"Guadalcanal";"Sevilla";"18.7 (00:50)";"11.3 (23:59)";"15";"49 (09:20)";"31 (09:20)";"0,6";"0";"0";"0";"0,6"
"Almadén de la Plata";"Sevilla";"18.9 (16:20)";"12.7 (07:50)";"15,8";"30 (08:50)";"13 (08:40)";"1,4";"0";"0";"0";"1,4"
"Cala";"Huelva";"18.4 (14:30)";"11.6 (05:40)";"15";"36 (14:40)";"19 (15:00)";"2,8";"0";"0";"1,6";"1,2"
"Sevilla Aeropuerto";"Sevilla";"22.9 (15:20)";"13.8 (07:50)";"18,3";"46 (17:10)";"31 (16:50)";"0";"0";"0";"0";"0"
"Tomares, Zaudín";"Sevilla";"";"";"";"";"";"";"";"";"";""
"Sevilla, Tablada";"Sevilla";"23.2 (14:30)";"15.6 (06:40)";"19,4";"36 (08:40)";"21 (09:10)";"0";"0";"0";"0";"0"
"Morón de la Frontera";"Sevilla";"23.8 (15:10)";"14.6 (07:20)";"19,2";"41 (11:00)";"25 (11:00)";"0,2";"0";"0";"0";"0,2"
"Carrión de los Céspedes";"Sevilla";"22.8 (15:10)";"15.0 (06:40)";"18,9";"37 (15:40)";"22 (15:10)";"0";"0";"0";"0";"0"
"Almonte";"Huelva";"22.9 (14:10)";"14.6 (23:59)";"18,8";"48 (07:50)";"31 (07:50)";"0";"0";"0";"0";"0"
"Moguer, El Arenosillo";"Huelva";"21.0 (14:30)";"16.5 (09:00)";"18,8";"46 (03:20)";"22 (07:00)";"0,5";"0";"0";"0,5";"0"
"Las Cabezas de San Juan";"Sevilla";"23.7 (16:30)";"15.4 (08:40)";"19,6";"60 (00:20)";"39 (00:20)";"0";"0";"0";"0";"0"
"Chipiona";"Cádiz";"21.6 (14:40)";"16.2 (23:59)";"18,9";"58 (00:20)";"35 (00:30)";"0";"0";"0";"0";"0"
"Rota, Base Naval";"Cádiz";"21.2 (14:40)";"16.3 (23:59)";"18,8";"";"";"0";"0";"0";"0";"0"
"Grazalema";"Cádiz";"17.9 (14:50)";"11.2 (23:30)";"14,5";"45 (01:00)";"15 (06:00)";"0,8";"0";"0";"0";"0,8"
"Olvera";"Cádiz";"";"";"";"";"";"";"";"0";"0";"0"
"El Bosque";"Cádiz";"22.4 (16:10)";"15.3 (08:40)";"18,8";"89 (02:00)";"57 (02:00)";"0";"0";"0";"0";"0"
"San José del Valle";"Cádiz";"23.6 (16:20)";"15.7 (08:30)";"19,7";"88 (01:20)";"52 (00:10)";"0,4";"0";"0";"0";"0,4"
"Jerez de la Frontera Aeropuerto";"Cádiz";"23.9 (15:30)";"15.5 (08:20)";"19,7";"72 (00:30)";"49 (00:30)";"0";"0";"0";"0";"0"
"San Fernando";"Cádiz";"21.9 (15:40)";"16.4 (06:30)";"19,1";"69 (00:50)";"34 (00:20)";"0";"0";"0";"0";"0"
"Cádiz";"Cádiz";"20.5 (15:30)";"16.6 (09:00)";"18,6";"80 (00:20)";"57 (00:20)";"0,2";"0";"0";"0";"0,2"
"Medina Sidonia";"Cádiz";"21.6 (15:40)";"14.3 (07:50)";"18";"85 (01:30)";"59 (01:40)";"0";"0";"0";"0";"0"
"Vejer de la Frontera";"Cádiz";"21.5 (16:00)";"13.8 (06:40)";"17,7";"78 (01:20)";"34 (01:20)";"0,1";"0";"0";"0";"0,1"
"Barbate";"Cádiz";"21.6 (15:50)";"15.9 (07:20)";"18,8";"81 (00:30)";"53 (01:50)";"0";"0";"0";"0";"0"
"Osuna";"Sevilla";"24.1 (16:30)";"15.8 (09:40)";"20";"80 (00:50)";"43 (00:50)";"0";"0";"0";"0";"0"
"Melilla";"Melilla";"19.4 (15:20)";"15.0 (23:50)";"17,2";"32 (16:30)";"22 (00:10)";"0";"0";"0";"0";"0"
"Tarifa";"Cádiz";"20.2 (17:10)";"14.4 (08:20)";"17,3";"77 (00:10)";"51 (00:10)";"0";"0";"0";"0";"0"
"Ronda Instituto";"Málaga";"20.3 (16:10)";"12.9 (23:59)";"16,6";"51 (00:10)";"18 (08:30)";"0";"0";"0";"0";"0"
"Cortes de la Frontera";"Málaga";"21.9 (15:00)";"11.2 (08:30)";"16,5";"";"7 (15:10)";"0";"0";"0";"0";"0"
"Jimena de la Frontera";"Cádiz";"22.7 (15:00)";"14.7 (05:40)";"18,7";"27 (06:20)";"14 (16:10)";"0";"0";"0";"0";"0"
"Alpandeire";"Málaga";"22.5 (16:40)";"12.5 (09:10)";"17,5";"35 (07:10)";"19 (16:50)";"0";"0";"0";"0";"0"
"Gaucín";"Málaga";"18.9 (16:50)";"10.7 (08:20)";"14,8";"31 (04:10)";"19 (04:10)";"0";"0";"0";"0";"0"
"San Roque";"Cádiz";"20.0 (16:30)";"15.9 (04:50)";"17,9";"36 (00:20)";"26 (03:20)";"0";"0";"0";"0";"0"
"Manilva";"Málaga";"20.9 (18:50)";"14.5 (06:00)";"17,7";"37 (00:10)";"24 (00:10)";"0";"0";"0";"0";"0"
"Estepona";"Málaga";"22.2 (15:40)";"15.4 (06:20)";"18,8";"30 (07:10)";"17 (01:00)";"0";"0";"0";"0";"0"
"Benahavís";"Málaga";"20.5 (17:50)";"11.9 (05:30)";"16,2";"35 (01:30)";"11 (09:40)";"0";"0";"0";"0";"0"
"Marbella, Puerto";"Málaga";"19.3 (12:00)";"14.8 (07:30)";"17";"25 (00:50)";"17 (00:10)";"0";"0";"0";"0";"0"
"Marbella";"Málaga";"21.9 (11:50)";"17.2 (08:10)";"19,6";"31 (00:10)";"25 (05:20)";"0";"0";"0";"0";"0"
"Fuengirola";"Málaga";"";"";"";"22 (05:20)";"12 (18:50)";"0";"0";"0";"0";"0"
"Torremolinos";"Málaga";"20.1 (17:40)";"13.8 (23:50)";"17";"27 (05:40)";"12 (11:40)";"0";"0";"0";"0";"0"
"Antequera";"Málaga";"22.1 (16:40)";"13.6 (08:20)";"17,9";"46 (00:10)";"24 (07:20)";"0";"0";"0";"0";"0"
"Álora";"Málaga";"23.3 (17:20)";"13.2 (08:40)";"18,2";"34 (15:40)";"18 (15:40)";"0";"0";"0";"0";"0"
"Coín";"Málaga";"22.5 (18:00)";"13.9 (08:00)";"18,2";"";"";"0";"0";"0";"0";"0"
"Málaga Aeropuerto";"Málaga";"20.8 (15:10)";"13.9 (06:20)";"17,3";"35 (16:20)";"21 (13:00)";"0";"0";"0";"0";"0"
"Málaga, Centro Meteorológico";"Málaga";"23.4 (16:20)";"13.9 (07:00)";"18,6";"26 (16:50)";"17 (17:00)";"0";"0";"0";"0";"0"
"Málaga, Puerto";"Málaga";"20.2 (12:20)";"15.5 (04:50)";"17,9";"23 (13:50)";"15 (14:00)";"0";"0";"0";"0";"0"
"Rincón de la Victoria";"Málaga";"21.5 (16:10)";"15.4 (02:40)";"18,4";"";"";"0";"0";"0";"0";"0"
"Vélez-Málaga";"Málaga";"22.8 (15:40)";"13.3 (05:50)";"18";"";"";"0";"0";"0";"0";"0"
"Algarrobo";"Málaga";"19.8 (18:10)";"12.8 (05:20)";"16,3";"33 (13:40)";"22 (13:20)";"0";"0";"0";"0";"0"
"Nerja";"Málaga";"20.1 (13:40)";"13.3 (05:30)";"16,7";"30 (14:20)";"16 (14:20)";"0";"0";"0";"0";"0"
"Lanjarón";"Granada";"19.3 (17:30)";"10.1 (23:59)";"14,7";"";"";"0";"0";"0";"0";"0"
"Salobreña";"Granada";"20.6 (13:40)";"11.9 (07:50)";"16,3";"41 (15:30)";"19 (16:20)";"0";"0";"0";"0";"0"
"Motril, Puerto";"Granada";"20.0 (16:20)";"14.2 (08:10)";"17,1";"37 (15:10)";"20 (14:50)";"0";"0";"0";"0";"0"
"Castell de Ferro";"Granada";"21.2 (17:30)";"14.2 (23:59)";"17,7";"37 (15:40)";"22 (15:50)";"0";"0";"0";"0";"0"
"Adra";"Almería";"22.8 (04:00)";"16.0 (01:20)";"19,4";"40 (05:00)";"26 (19:40)";"0,1";"0";"0,1";"0";"0"
"Válor";"Granada";"21.3 (16:10)";"11.3 (23:59)";"16,3";"";"";"0";"0";"0";"0";"0"
"El Ejido";"Almería";"24.7 (02:20)";"16.0 (22:40)";"20,4";"";"";"0";"0";"0";"0";"0"
"Roquetas de Mar";"Almería";"";"";"";"";"";"";"";"";"";""
"Abla";"Almería";"21.7 (15:10)";"12.5 (04:10)";"17,1";"43 (16:00)";"17 (14:10)";"0";"0";"0";"0";"0"
"Láujar de Andarax";"Almería";"20.2 (17:10)";"8.6 (23:40)";"14,4";"30 (17:30)";"20 (17:30)";"0";"0";"0";"0";"0"
"Almería Aeropuerto";"Almería";"25.0 (14:50)";"16.3 (21:20)";"20,6";"48 (16:40)";"35 (11:00)";"0";"0";"0";"0";"0"
"Cabo de Gata";"Almería";"20.6 (03:10)";"16.0 (23:59)";"18,3";"79 (07:40)";"58 (07:40)";"0";"0";"0";"0";"0"
"Garrucha, Puerto";"Almería";"18.4 (11:20)";"13.8 (06:00)";"16,1";"32 (02:00)";"22 (15:30)";"0";"0";"0";"0";"0"
"Albox";"Almería";"23.6 (16:40)";"11.1 (07:50)";"17,4";"28 (16:50)";"18 (16:40)";"0";"0";"0";"0";"0"
"Huércal-Overa";"Almería";"23.0 (15:50)";"10.6 (07:20)";"16,8";"30 (13:10)";"14 (17:10)";"";"0";"0";"";"0"
"Fuente de Piedra";"Málaga";"23.4 (16:50)";"13.2 (09:00)";"18,3";"50 (01:10)";"35 (08:30)";"0";"0";"0";"0";"0"
"Águilas";"Murcia";"22.8 (14:00)";"12.7 (06:30)";"17,7";"40 (14:30)";"23 (15:00)";"0";"0";"0";"0";"0"
"Mazarrón";"Murcia";"20.1 (15:50)";"14.4 (00:30)";"17,3";"54 (01:00)";"38 (01:10)";"0";"0";"0";"0";"0"
"Cartagena";"Murcia";"18.4 (14:00)";"12.2 (07:10)";"15,3";"45 (12:30)";"22 (13:10)";"0";"0";"0";"0";"0"
"San Javier (La Manga)";"Murcia";"16.8 (14:00)";"14.8 (00:50)";"15,8";"53 (07:50)";"40 (07:50)";"0";"0";"0";"0";"0"
"Fuente Álamo de Murcia";"Murcia";"19.8 (16:30)";"9.4 (07:20)";"14,6";"";"";"0";"0";"0";"0";"0"
"Torre-Pacheco";"Murcia";"19.2 (14:10)";"9.4 (08:00)";"14,3";"35 (13:30)";"19 (12:30)";"0";"0";"0";"0";"0"
"San Javier Aeropuerto";"Murcia";"19.0 (14:50)";"11.8 (04:40)";"15,4";"48 (01:40)";"37 (01:30)";"0";"0";"0";"0";"0"
"Yeste, Embalse Fuensanta";"Albacete";"23.0 (17:10)";"6.5 (07:40)";"14,8";"";"";"0";"0";"0";"0";"0"
"Yeste";"Albacete";"20.3 (16:50)";"7.1 (03:30)";"13,7";"";"";"0";"0";"0";"0";"0"
"Moratalla";"Murcia";"19.6 (17:50)";"7.6 (08:00)";"13,6";"";"";"0";"0";"0";"0";"0"
"Hellín";"Albacete";"20.1 (17:30)";"7.7 (05:30)";"13,9";"27 (16:00)";"13 (16:10)";"0";"0";"0";"0";"0"
"Tobarra";"Albacete";"21.4 (18:20)";"7.2 (05:10)";"14,3";"";"";"0";"0";"0";"0";"0"
"Caravaca de La Cruz";"Murcia";"20.5 (16:40)";"6.8 (07:50)";"13,7";"23 (12:50)";"14 (06:30)";"0";"0";"0";"0";"0"
"Calasparra";"Murcia";"21.1 (16:10)";"7.9 (08:20)";"14,5";"27 (15:30)";"15 (15:20)";"0";"0";"0";"0";"0"
"Bullas";"Murcia";"18.9 (17:00)";"7.7 (08:10)";"13,3";"";"";"0";"0";"0";"0";"0"
"Jumilla";"Murcia";"22.2 (17:00)";"5.4 (05:40)";"13,8";"36 (12:40)";"22 (12:40)";"0";"0";"0";"0";"0"
"Cieza";"Murcia";"21.3 (16:00)";"8.4 (05:30)";"14,8";"39 (15:10)";"23 (15:10)";"0";"0";"0";"0";"0"
"Archena";"Murcia";"21.6 (14:00)";"11.2 (01:20)";"16,4";"";"";"0";"0";"0";"0";"0"
"Mula";"Murcia";"20.4 (16:40)";"9.1 (04:20)";"14,8";"34 (10:50)";"20 (10:50)";"0";"0";"0";"0";"0"
"Murcia";"Murcia";"21.4 (15:00)";"10.7 (06:10)";"16";"37 (14:00)";"23 (14:00)";"0";"0";"0";"0";"0"
"Caravaca de La Cruz, Los Royos";"Murcia";"18.7 (16:30)";"5.8 (03:00)";"12,3";"";"";"0";"0";"0";"0";"0"
"Lorca, Zarcilla de Ramos";"Murcia";"21.2 (17:00)";"8.2 (03:30)";"14,7";"24 (13:00)";"15 (07:20)";"0";"0";"0";"0";"0"
"Lorca";"Murcia";"21.1 (17:10)";"9.6 (07:40)";"15,4";"19 (16:00)";"10 (16:00)";"0";"0";"0";"0";"0"
"Puerto Lumbreras";"Murcia";"20.6 (16:50)";"11.6 (02:40)";"16,1";"";"";"0";"0";"0";"0";"0"
"Totana";"Murcia";"22.5 (16:10)";"10.8 (06:20)";"16,7";"36 (11:40)";"22 (13:20)";"0";"0";"0";"0";"0"
"Alhama de Murcia";"Murcia";"21.3 (16:20)";"8.0 (06:40)";"14,6";"30 (10:50)";"18 (13:40)";"0";"0";"0";"0";"0"
"Molina de Segura";"Murcia";"21.6 (13:40)";"9.7 (04:00)";"15,7";"42 (14:10)";"27 (11:00)";"0";"0";"0";"0";"0"
"Orihuela";"Alacant/Alicante";"21.1 (14:30)";"9.6 (05:10)";"15,4";"46 (14:20)";"24 (15:50)";"0";"0";"0";"0";"0"
"Pinoso";"Alacant/Alicante";"21.6 (14:50)";"7.1 (02:40)";"14,4";"34 (14:20)";"21 (15:50)";"0";"0";"0";"0";"0"
"Abanilla";"Murcia";"22.0 (13:30)";"7.6 (04:40)";"14,8";"";"";"0";"0";"0";"0";"0"
"Rojales";"Alacant/Alicante";"19.7 (14:20)";"9.4 (05:10)";"14,6";"42 (13:00)";"26 (15:10)";"0";"0";"0";"0";"0"
"Yecla";"Murcia";"21.8 (15:10)";"5.3 (06:00)";"13,5";"31 (16:00)";"20 (18:20)";"0";"0";"0";"0";"0"
"Fontanars dels Alforins";"València/Valencia";"16.9 (16:20)";"4.2 (06:10)";"10,5";"";"";"0";"0";"0";"0";"0"
"Villena";"Alacant/Alicante";"23.1 (14:20)";"6.4 (05:50)";"14,8";"39 (21:10)";"26 (20:50)";"0";"0";"0";"0";"0"
"Elche/Elx";"Alacant/Alicante";"22.5 (14:00)";"9.4 (01:40)";"15,9";"";"";"0";"0";"0";"0";"0"
"Alicante-Elche Aeropuerto";"Alacant/Alicante";"20.7 (14:20)";"9.7 (06:50)";"15,2";"45 (13:20)";"33 (14:50)";"0";"0";"0";"0";"0"
"Alicante/Alacant";"Alacant/Alicante";"22.4 (14:10)";"10.2 (07:20)";"16,3";"37 (17:20)";"21 (15:00)";"0";"0";"0";"0";"0"
"Benidorm";"Alacant/Alicante";"23.6 (12:40)";"14.4 (23:59)";"19";"38 (14:30)";"24 (14:10)";"0";"0";"0";"0";"0"
"Jávea/ Xàbia";"Alacant/Alicante";"";"";"";"";"";"";"";"";"";""
"Miramar";"València/Valencia";"17.7 (15:30)";"10.1 (08:20)";"13,9";"23 (17:00)";"13 (16:00)";"0";"0";"0";"0";"0"
"Alcoy/Alcoi";"Alacant/Alicante";"18.3 (15:10)";"6.2 (07:30)";"12,2";"29 (16:20)";"18 (15:20)";"0";"0";"0";"0";"0"
"Barx";"València/Valencia";"17.3 (13:40)";"5.2 (07:50)";"11,2";"32 (17:00)";"17 (13:50)";"0";"0";"0";"0";"0"
"Cuenca";"Cuenca";"21.5 (17:20)";"12.1 (23:50)";"16,8";"50 (12:20)";"27 (12:30)";"0";"0";"0";"0";"0"
"Motilla del Palancar";"Cuenca";"20.2 (16:20)";"5.8 (05:50)";"13";"36 (13:50)";"23 (13:50)";"0";"0";"0";"0";"0"
"Albacete Base Aérea";"Albacete";"22.2 (16:50)";"6.1 (08:00)";"14,2";"49 (11:00)";"35 (11:00)";"0";"0";"0";"0";"0"
"Chinchilla";"Albacete";"21.7 (15:30)";"4.3 (05:50)";"13";"47 (13:50)";"34 (12:40)";"0";"0";"0";"0";"0"
"Albacete";"Albacete";"22.7 (16:30)";"6.3 (08:10)";"14,5";"29 (11:10)";"14 (11:10)";"0";"0";"0";"0";"0"
"Alcalá del Júcar";"Albacete";"20.9 (15:30)";"6.0 (08:10)";"13,4";"40 (11:40)";"21 (11:40)";"0";"0";"0";"0";"0"
"Jalance";"València/Valencia";"20.4 (15:10)";"4.0 (07:50)";"12,2";"31 (16:40)";"17 (16:40)";"0";"0";"0";"0";"0"
"Almansa";"Albacete";"18.7 (15:50)";"3.8 (07:00)";"11,3";"33 (13:10)";"11 (16:00)";"0";"0";"0";"0";"0"
"Zarra";"València/Valencia";"15.5 (17:00)";"7.2 (04:30)";"11,3";"";"35 (12:50)";"0";"0";"0";"0";"0"
"Salvacañete";"Cuenca";"17.5 (13:40)";"0.6 (08:10)";"9,1";"51 (14:30)";"28 (13:50)";"0";"0";"0";"0";"0"
"Mira";"Cuenca";"19.8 (15:00)";"1.6 (07:50)";"10,7";"";"";"0";"0";"0";"0";"0"
"Bicorp";"València/Valencia";"18.6 (16:30)";"6.0 (07:50)";"12,3";"26 (16:50)";"16 (16:50)";"0";"0";"0";"0";"0"
"Ontinyent";"València/Valencia";"18.1 (15:00)";"4.7 (07:30)";"11,4";"24 (16:50)";"12 (15:30)";"0";"0";"0";"0";"0"
"Xàtiva";"València/Valencia";"19.9 (16:40)";"7.0 (07:20)";"13,4";"33 (17:50)";"19 (17:00)";"0";"0";"0";"0";"0"
"Carcaixent";"València/Valencia";"20.0 (16:20)";"7.2 (08:10)";"13,6";"31 (16:50)";"18 (16:50)";"0";"0";"0";"0";"0"
"Utiel";"València/Valencia";"19.8 (16:00)";"4.0 (07:50)";"11,9";"38 (12:00)";"26 (12:00)";"0";"0";"0";"0";"0"
"Polinyà de Xúquer";"València/Valencia";"18.4 (16:30)";"8.0 (08:20)";"13,2";"24 (15:20)";"13 (13:40)";"0";"0";"0";"0";"0"
"Turís";"València/Valencia";"20.5 (16:00)";"4.0 (08:00)";"12,3";"";"";"0";"0";"0";"0";"0"
"Albarracín";"Teruel";"20.4 (14:10)";"5.4 (04:10)";"12,9";"54 (16:40)";"30 (16:40)";"0";"0";"0";"0";"0"
"Teruel";"Teruel";"23.2 (16:40)";"3.0 (08:10)";"13,1";"35 (15:10)";"15 (15:00)";"0";"0";"0";"0";"0"
"Jabaloyas";"Teruel";"15.9 (14:40)";"8.3 (08:20)";"12,1";"48 (15:40)";"30 (11:10)";"0";"0";"0";"0";"0"
"Ademuz";"València/Valencia";"21.9 (14:20)";"1.8 (07:50)";"11,8";"";"";"0";"0";"0";"0";"0"
"Chelva";"València/Valencia";"19.6 (17:20)";"4.8 (08:00)";"12,2";"33 (12:30)";"18 (12:20)";"0";"0";"0";"0";"0"
"Lliria";"València/Valencia";"21.0 (15:40)";"7.3 (08:00)";"14,2";"27 (16:00)";"17 (16:20)";"0";"0";"0";"0";"0"
"Valencia Aeropuerto";"València/Valencia";"18.6 (15:40)";"6.9 (08:00)";"12,8";"32 (14:00)";"19 (17:10)";"0";"0";"0";"0";"0"
"València, Viveros";"València/Valencia";"";"";"";"";"";"";"";"0";"0";"0"
"Segorbe";"Castelló/Castellón";"19.2 (16:00)";"4.7 (07:40)";"12";"20 (15:10)";"12 (23:30)";"0";"0";"0";"0";"0"
"Sagunto";"València/Valencia";"19.4 (15:50)";"6.4 (08:00)";"12,9";"";"";"0";"0";"0";"0";"0"
"Cedrillas";"Teruel";"16.8 (14:40)";"5.2 (00:00)";"11";"52 (12:40)";"39 (15:50)";"0";"0";"0";"0";"0"
"Montanejos";"Castelló/Castellón";"19.7 (16:10)";"5.1 (08:30)";"12,4";"31 (15:30)";"18 (16:50)";"0";"0";"0";"0";"0"
"Mosqueruela";"Teruel";"15.4 (14:50)";"6.7 (01:10)";"11";"44 (12:40)";"29 (12:40)";"0";"0";"0";"0";"0"
"Villafranca del Cid/Vilafranca";"Castelló/Castellón";"17.4 (15:50)";"6.3 (03:40)";"11,8";"37 (13:10)";"23 (12:50)";"0";"0";"0";"0";"0"
"Atzeneta del Maestrat";"Castelló/Castellón";"22.1 (17:00)";"3.8 (07:40)";"13";"21 (13:30)";"13 (12:50)";"0";"0";"0";"0";"0"
"Castellón - Almassora";"Castelló/Castellón";"19.7 (15:30)";"9.7 (05:30)";"14,7";"23 (13:40)";"13 (13:40)";"0";"0";"0";"0";"0"
"Torreblanca";"Castelló/Castellón";"19.4 (16:50)";"10.1 (05:00)";"14,8";"27 (14:00)";"18 (04:20)";"0";"0";"0";"0";"0"
"La Pobla de Benifassà-Fredes";"Castelló/Castellón";"15.2 (13:20)";"5.2 (00:00)";"10,2";"32 (13:20)";"17 (15:40)";"0";"0";"0";"0";"0"
"Reinosa";"Cantabria";"17.3 (15:50)";"5.3 (02:00)";"11,3";"37 (14:00)";"23 (14:00)";"0";"0";"0";"0";"0"
"Alto Campoo";"Cantabria";"13.6 (16:30)";"5.9 (23:50)";"9,8";"47 (08:00)";"29 (08:00)";"0";"0";"0";"0";"0"
"Santa Gadea de Alfoz";"Burgos";"16.9 (16:40)";"7.6 (10:00)";"12,2";"";"";"0";"0";"0";"0";"0"
"Valderredible, Cubillo de Ebro";"Cantabria";"20.1 (17:20)";"3.3 (07:10)";"11,7";"32 (16:50)";"19 (17:40)";"0";"0";"0";"0";"0"
"Valderredible, Polientes";"Cantabria";"20.1 (17:10)";"3.9 (07:10)";"12";"27 (17:10)";"13 (17:10)";"0";"0";"0";"0";"0"
"Sargentes de la Lora";"Burgos";"16.1 (14:30)";"6.2 (08:10)";"11,2";"40 (17:10)";"31 (17:10)";"0";"0";"0";"0";"0"
"Briviesca";"Burgos";"16.0 (17:40)";"5.5 (08:10)";"10,8";"31 (00:10)";"21 (00:10)";"0";"0";"0";"0";"0"
"Medina de Pomar";"Burgos";"17.0 (15:00)";"5.0 (08:10)";"11";"22 (14:20)";"12 (14:20)";"0";"0";"0";"0";"0"
"Lalastra";"Araba/Álava";"15.2 (15:00)";"4.6 (06:00)";"9,9";"21 (12:20)";"10 (15:10)";"0";"0";"0";"0";"0"
"Miranda de Ebro";"Burgos";"18.9 (15:40)";"7.0 (07:20)";"12,9";"25 (13:50)";"12 (13:50)";"0";"0";"0";"0";"0"
"Agurain/Salvatierra";"Araba/Álava";"19.3 (15:30)";"11.4 (08:10)";"15,3";"83 (04:20)";"53 (10:20)";"0";"0";"0";"0";"0"
"Vitoria Gasteiz Aeropuerto";"Araba/Álava";"21.1 (16:10)";"6.9 (07:30)";"14";"33 (14:40)";"23 (14:40)";"0";"0";"0";"0";"0"
"Valdezcaray";"La Rioja";"15.5 (12:30)";"10.0 (22:50)";"12,8";"58 (00:30)";"43 (01:10)";"0";"0";"0";"0";"0"
"Haro";"La Rioja";"19.5 (18:20)";"11.9 (08:20)";"15,7";"";"";"0";"0";"0";"0";"0"
"Labastida";"Araba/Álava";"19.0 (18:20)";"13.3 (04:00)";"16,2";"45 (01:20)";"22 (00:30)";"0";"0";"0";"0";"0"
"Anguiano, Valvanera";"La Rioja";"18.0 (11:40)";"8.9 (07:00)";"13,4";"";"";"0";"0";"0";"0";"0"
"Nájera";"La Rioja";"19.7 (18:00)";"8.2 (08:00)";"14";"35 (10:20)";"22 (12:20)";"0";"0";"0";"0";"0"
"Leza";"Araba/Álava";"18.9 (18:40)";"11.1 (08:20)";"15";"";"";"0";"0";"0";"0";"0"
"Cenicero";"La Rioja";"19.7 (18:30)";"9.9 (08:10)";"14,8";"49 (03:30)";"32 (02:50)";"0";"0";"0";"0";"0"
"Logroño Aeropuerto";"La Rioja";"20.4 (18:20)";"8.8 (06:00)";"14,6";"45 (12:40)";"37 (12:50)";"0";"0";"0";"0";"0"
"Los Arcos";"Navarra";"19.9 (15:40)";"8.6 (05:20)";"14,3";"35 (13:40)";"22 (13:40)";"0";"0";"0";"0";"0"
"Campezo/Kanpezu";"Araba/Álava";"17.8 (15:10)";"8.7 (09:00)";"13,2";"";"";"0";"0";"0";"0";"0"
"Enciso";"La Rioja";"19.7 (15:00)";"6.8 (05:20)";"13,3";"44 (17:20)";"31 (13:30)";"0";"0";"0";"0";"0"
"Canfranc";"Huesca";"20.8 (15:40)";"3.5 (06:40)";"12,1";"15 (13:30)";"5 (16:10)";"0";"0";"0";"0";"0"
"Jaca";"Huesca";"22.2 (15:40)";"5.6 (06:20)";"13,9";"30 (14:40)";"13 (15:20)";"0";"0";"0";"0";"0"
"Valle de Hecho, Hecho";"Huesca";"23.0 (15:30)";"2.9 (06:50)";"13";"35 (13:50)";"21 (16:20)";"0";"0";"0";"0";"0"
"Aragüés del Puerto";"Huesca";"21.8 (17:00)";"9.6 (02:20)";"15,7";"46 (14:20)";"23 (13:50)";"0";"0";"0";"0";"0"
"Bailo, Puyalto";"Huesca";"22.1 (14:50)";"10.6 (08:20)";"16,4";"39 (16:50)";"28 (17:10)";"0";"0";"0";"0";"0"
"Isaba/Izaba";"Navarra";"22.7 (15:20)";"1.8 (06:40)";"12,3";"40 (13:40)";"21 (13:10)";"0";"0";"0";"0";"0"
"Oroz-Betelu/Orotz-Betelu";"Navarra";"22.6 (15:00)";"3.4 (06:40)";"13";"48 (12:50)";"31 (15:30)";"0";"0";"0";"0";"0"
"Roncesvalles/Orreaga";"Navarra";"20.1 (15:10)";"11.1 (23:59)";"15,6";"40 (12:40)";"20 (12:00)";"0";"0";"0";"0";"0"
"Navascués/Nabaskoze";"Navarra";"24.3 (15:50)";"6.0 (08:10)";"15,1";"";"";"0";"0";"0";"0";"0"
"Sos del Rey Católico";"Zaragoza";"22.2 (15:50)";"8.1 (04:40)";"15,2";"35 (15:00)";"22 (14:50)";"0";"0";"0";"0";"0"
"Cáseda";"Navarra";"24.3 (15:50)";"5.8 (07:40)";"15";"36 (15:30)";"23 (14:50)";"0";"0";"0";"0";"0"
"Olite/Erriberri";"Navarra";"21.2 (16:40)";"6.0 (07:40)";"13,6";"48 (14:10)";"22 (14:50)";"0";"0";"0";"0";"0"
"Esteribar, Embalse de Eugui";"Navarra";"22.0 (15:00)";"5.3 (07:50)";"13,7";"";"";"0";"0";"0";"0";"0"
"Monreal/Elo";"Navarra";"21.9 (15:10)";"7.0 (08:20)";"14,4";"36 (11:50)";"26 (05:00)";"0";"0";"0";"0";"0"
"Pamplona, Aeropuerto";"Navarra";"22.8 (17:00)";"5.0 (07:50)";"13,9";"32 (16:00)";"23 (16:00)";"0";"0";"0";"0";"0"
"Aranguren, Ilundain";"Navarra";"21.5 (17:00)";"7.5 (08:30)";"14,5";"34 (04:10)";"19 (15:00)";"0";"0";"0";"0";"0"
"Irurtzun";"Navarra";"23.3 (16:10)";"9.5 (04:20)";"16,4";"32 (15:40)";"16 (16:40)";"0";"0";"0";"0";"0"
"Larraga";"Navarra";"21.3 (16:30)";"5.2 (07:30)";"13,2";"39 (13:40)";"30 (13:50)";"0";"0";"0";"0";"0"
"San Pedro Manrique";"Soria";"18.9 (15:10)";"3.5 (08:10)";"11,2";"30 (16:50)";"21 (17:20)";"0";"0";"0";"0";"0"
"Alfaro, La Plana";"La Rioja";"21.2 (16:20)";"8.4 (08:10)";"14,8";"34 (00:10)";"21 (00:10)";"0";"0";"0";"0";"0"
"Bardenas Reales, Base Aérea";"Navarra";"22.7 (16:40)";"8.5 (07:10)";"15,6";"40 (01:50)";"33 (02:00)";"0";"0";"0";"0";"0"
"Tarazona";"Zaragoza";"21.1 (15:50)";"7.4 (08:30)";"14,3";"37 (16:40)";"17 (15:20)";"0";"0";"0";"0";"0"
"Monteagudo";"Navarra";"21.5 (17:30)";"7.7 (04:30)";"14,6";"";"";"0";"0";"0";"0";"0"
"Tudela";"Navarra";"22.0 (18:20)";"8.7 (07:10)";"15,3";"32 (01:30)";"21 (01:30)";"0";"0";"0";"0";"0"
"Ejea de los Caballeros";"Zaragoza";"23.5 (16:50)";"7.7 (08:10)";"15,6";"31 (11:40)";"10 (11:40)";"0";"0";"0";"0";"0"
"Castejon de Valdejasa";"Zaragoza";"21.5 (16:00)";"9.7 (08:00)";"15,6";"48 (01:50)";"35 (11:20)";"0";"0";"0";"0";"0"
"Arcos de Jalón";"Soria";"21.7 (17:30)";"4.4 (08:20)";"13,1";"26 (17:50)";"13 (17:50)";"0";"0";"0";"0";"0"
"Almazul";"Soria";"20.3 (16:10)";"7.8 (07:50)";"14";"36 (20:10)";"26 (19:30)";"0";"0";"0";"0";"0"
"Alhama de Aragon";"Zaragoza";"22.9 (17:40)";"6.1 (08:20)";"14,5";"";"";"0";"0";"0";"0";"0"
"Santa Eulalia del Campo";"Teruel";"21.2 (16:30)";"4.0 (06:00)";"12,6";"41 (13:20)";"27 (14:40)";"0";"0";"0";"0";"0"
"El Pedregal";"Guadalajara";"20.6 (15:50)";"7.7 (08:30)";"14,2";"38 (17:10)";"26 (17:20)";"0";"0";"0";"0";"0"
"Calamocha";"Teruel";"22.8 (17:40)";"6.6 (07:50)";"14,7";"37 (16:30)";"24 (17:00)";"0";"0";"0";"0";"0"
"Daroca";"Zaragoza";"24.1 (17:40)";"8.6 (09:00)";"16,4";"32 (16:00)";"13 (15:50)";"0";"0";"0";"0";"0"
"Calatayud";"Zaragoza";"21.6 (17:30)";"6.8 (06:50)";"14,2";"45 (18:30)";"31 (18:30)";"0";"0";"0";"0";"0"
"La Almunia de Doña Godina";"Zaragoza";"22.7 (19:00)";"6.0 (07:30)";"14,4";"24 (19:00)";"12 (19:00)";"0";"0";"0";"0";"0"
"Zaragoza, Aeropuerto";"Zaragoza";"24.2 (18:20)";"8.0 (07:00)";"16,1";"34 (19:30)";"22 (17:30)";"0";"0";"0";"0";"0"
"Zaragoza, Valdespartera";"Zaragoza";"24.6 (16:30)";"8.7 (08:20)";"16,7";"30 (13:20)";"17 (13:20)";"0";"0";"0";"0";"0"
"Fonfría";"Teruel";"19.2 (13:30)";"9.2 (06:40)";"14,2";"40 (07:20)";"32 (23:20)";"0";"0";"0";"0";"0"
"Formigal, Sarrios";"Huesca";"13.2 (15:10)";"4.9 (07:30)";"9";"";"";"0";"0";"0";"0";"0"
"Panticosa, Petrosos";"Huesca";"13.7 (16:30)";"6.2 (05:40)";"9,9";"29 (18:10)";"17 (17:20)";"0";"0";"0";"0";"0"
"Biescas, Embalse de Búbal";"Huesca";"20.6 (15:30)";"2.0 (07:20)";"11,3";"26 (16:40)";"10 (18:00)";"0";"0";"0";"0";"0"
"Sabiñánigo";"Huesca";"24.0 (15:10)";"4.2 (06:20)";"14,1";"30 (14:00)";"18 (14:00)";"0";"0";"0";"0";"0"
"Almudévar";"Huesca";"22.9 (17:00)";"5.8 (07:40)";"14,3";"40 (14:40)";"27 (12:10)";"0";"0";"0";"0";"0"
"Leciñena";"Zaragoza";"23.2 (16:20)";"5.2 (08:20)";"14,2";"39 (12:20)";"22 (12:40)";"0";"0";"0";"0";"0"
"Valmadrid";"Zaragoza";"21.0 (18:10)";"4.6 (04:50)";"12,8";"33 (17:20)";"18 (17:20)";"0";"0";"0";"0";"0"
"Quinto";"Zaragoza";"25.2 (17:30)";"5.8 (05:10)";"15,5";"27 (17:50)";"18 (16:30)";"0";"0";"0";"0";"0"
"Muniesa";"Teruel";"19.6 (17:40)";"5.7 (08:00)";"12,7";"31 (17:50)";"22 (17:30)";"0";"0";"0";"0";"0"
"Montalbán";"Teruel";"21.4 (12:50)";"8.5 (07:30)";"14,9";"25 (12:30)";"8 (12:30)";"0";"0";"0";"0";"0"
"Hijar";"Teruel";"24.2 (18:30)";"6.2 (06:00)";"15,2";"29 (18:40)";"23 (21:50)";"0";"0";"0";"0";"0"
"Andorra, Horcallana";"Teruel";"20.1 (17:40)";"8.1 (08:40)";"14,1";"39 (21:10)";"30 (21:10)";"0";"0";"0";"0";"0"
"Castellote";"Teruel";"22.4 (14:20)";"10.8 (08:20)";"16,6";"40 (13:50)";"24 (13:50)";"0";"0";"0";"0";"0"
"Morella";"Castelló/Castellón";"17.9 (13:30)";"7.8 (00:00)";"12,8";"35 (15:20)";"21 (13:50)";"0";"0";"0";"0";"0"
"Castellfort";"Castelló/Castellón";"16.0 (15:50)";"7.5 (00:00)";"11,8";"";"";"0";"0";"0";"0";"0"
"Calanda";"Teruel";"23.9 (15:40)";"6.2 (07:50)";"15";"57 (20:40)";"30 (20:40)";"0";"0";"0";"0";"0"
"Alcañiz";"Teruel";"25.5 (15:40)";"4.4 (07:50)";"15";"29 (18:10)";"16 (14:10)";"0";"0";"0";"0";"0"
"Caspe, Plana del Pilón";"Zaragoza";"24.0 (16:40)";"6.5 (07:10)";"15,3";"42 (17:40)";"30 (15:40)";"0";"0";"0";"0";"0"
"La Molina";"Girona";"16.3 (15:10)";"2.6 (07:00)";"9,4";"36 (19:40)";"20 (19:40)";"0";"0";"0";"0";"0"
"Martinet";"Lleida";"23.2 (16:00)";"-0.5 (08:20)";"11,4";"37 (17:00)";"18 (14:20)";"0";"0";"0";"0";"0"
"Cap de Rec";"Lleida";"13.4 (15:40)";"1.2 (04:30)";"7,3";"22 (16:00)";"13 (13:50)";"";"";"";"";""
"La Seu d'Urgell";"Lleida";"25.4 (15:20)";"1.3 (07:50)";"13,3";"22 (16:10)";"8 (15:30)";"";"";"";"";""
"Tuixent";"Lleida";"20.6 (15:40)";"2.7 (08:10)";"11,7";"24 (18:10)";"16 (18:40)";"0";"0";"0";"0";"0"
"Coll de Nargó";"Lleida";"25.0 (15:00)";"3.2 (06:50)";"14,1";"37 (15:30)";"25 (15:30)";"0";"0";"0";"0";"0"
"Torà";"Lleida";"24.4 (16:00)";"-0.6 (07:20)";"11,9";"";"";"0";"0";"0";"0";"0"
"Artesa de Segre";"Lleida";"25.1 (16:10)";"2.1 (08:00)";"13,6";"";"";"0";"0";"0";"0";"0"
"Esterri d'Àneu";"Lleida";"22.4 (15:30)";"1.0 (08:20)";"11,7";"26 (16:00)";"13 (17:40)";"0";"0";"0";"0";"0"
"Port Ainé";"Lleida";"7.5 (15:10)";"2.0 (03:50)";"4,8";"30 (12:00)";"19 (12:00)";"";"";"";"";""
"Torre de Cabdella";"Lleida";"19.0 (16:20)";"5.6 (06:10)";"12,3";"";"";"0";"0";"0";"0";"0"
"Talarn";"Lleida";"22.5 (16:40)";"6.3 (07:20)";"14,4";"20 (16:20)";"13 (18:10)";"0";"0";"0";"0";"0"
"Llimiana";"Lleida";"25.5 (16:30)";"3.6 (07:50)";"14,5";"27 (17:30)";"15 (16:00)";"0";"0";"0";"0";"0"
"Granyanella";"Lleida";"23.7 (15:40)";"5.3 (04:30)";"14,5";"32 (14:30)";"22 (21:50)";"0";"0";"0";"0";"0"
"Os de Balaguer";"Lleida";"24.2 (15:50)";"3.3 (03:10)";"13,8";"26 (03:50)";"21 (03:50)";"0";"0";"0";"0";"0"
"Llorac";"Tarragona";"21.1 (15:30)";"-1.3 (02:20)";"9,9";"28 (15:50)";"18 (16:20)";"0";"0";"0";"0";"0"
"Mollerussa";"Lleida";"25.5 (16:00)";"2.6 (06:00)";"14";"26 (19:10)";"17 (19:20)";"0";"0";"0";"0";"0"
"Vall de Boí";"Lleida";"21.9 (15:00)";"-0.5 (07:40)";"10,7";"26 (18:30)";"15 (15:20)";"0";"0";"0";"0";"0"
"Sopeira";"Huesca";"23.0 (16:30)";"5.0 (07:50)";"14";"53 (06:50)";"41 (08:10)";"0";"0";"0";"0";"0"
"Benabarre";"Huesca";"22.0 (15:50)";"5.5 (03:00)";"13,8";"27 (14:20)";"16 (04:50)";"0";"0";"0";"0";"0"
"Lleida";"Lleida";"25.8 (16:50)";"5.6 (06:30)";"15,7";"33 (17:40)";"19 (17:30)";"0";"0";"0";"0";"0"
"La Pobla de Cérvoles";"Lleida";"21.8 (15:00)";"7.5 (04:10)";"14,6";"";"";"0";"0";"0";"0";"0"
"El Soleràs";"Lleida";"23.8 (14:30)";"4.4 (04:40)";"14,1";"";"";"0";"0";"0";"0";"0"
"Bielsa";"Huesca";"22.7 (16:50)";"2.5 (07:40)";"12,6";"27 (18:20)";"10 (13:50)";"0";"0";"0";"0";"0"
"Aínsa-Sobrarbe, La Serreta";"Huesca";"24.2 (16:50)";"5.2 (08:00)";"14,7";"27 (18:20)";"16 (18:20)";"0";"0";"0";"0";"0"
"Torla-Ordesa, El Cebollar";"Huesca";"13.0 (15:40)";"4.9 (07:10)";"9";"27 (18:40)";"22 (17:30)";"0";"0";"0";"0";"0"
"Torla - Ordesa";"Huesca";"25.9 (15:50)";"5.5 (05:50)";"15,7";"34 (16:20)";"23 (16:40)";"0";"0";"0";"0";"0"
"Benasque";"Huesca";"21.3 (15:50)";"-0.4 (07:50)";"10,4";"32 (18:30)";"18 (19:00)";"0";"0";"0";"0";"0"
"Cerler, Cogulla";"Huesca";"8.5 (14:00)";"2.2 (03:00)";"5,4";"26 (16:30)";"16 (21:20)";"0";"0";"0";"0";"0"
"Seira";"Huesca";"23.2 (17:00)";"3.9 (06:40)";"13,6";"26 (17:20)";"13 (14:40)";"0";"0";"0";"0";"0"
"Capella, Laguarres";"Huesca";"24.0 (16:40)";"3.4 (07:50)";"13,7";"24 (18:00)";"13 (18:00)";"0";"0";"0";"0";"0"
"Barbastro";"Huesca";"24.9 (15:20)";"2.4 (07:30)";"13,6";"27 (15:40)";"14 (15:30)";"0";"0";"0";"0";"0"
"Sariñena";"Huesca";"23.3 (16:40)";"4.4 (08:00)";"13,8";"33 (17:50)";"19 (17:50)";"0";"0";"0";"0";"0"
"Huesca, Aeropuerto";"Huesca";"23.1 (16:00)";"6.3 (06:20)";"14,7";"40 (14:30)";"23 (14:30)";"0";"0";"0";"0";"0"
"Huesca";"Huesca";"22.6 (15:50)";"6.0 (07:50)";"14,3";"";"";"0";"0";"0";"0";"0"
"Lanaja";"Huesca";"22.6 (17:30)";"6.7 (06:20)";"14,7";"34 (18:20)";"21 (18:20)";"0";"0";"0";"0";"0"
"Ballobar";"Huesca";"24.5 (16:00)";"3.6 (06:10)";"14";"41 (18:20)";"24 (18:20)";"0";"0";"0";"0";"0"
"Tamarite de Litera, La Melusa";"Huesca";"24.5 (16:20)";"2.8 (07:30)";"13,6";"28 (18:30)";"17 (15:20)";"0";"0";"0";"0";"0"
"Fraga";"Huesca";"25.0 (15:50)";"4.7 (08:00)";"14,8";"39 (17:00)";"23 (17:10)";"0";"0";"0";"0";"0"
"Valderrobres";"Teruel";"22.8 (14:50)";"3.2 (06:00)";"13";"35 (16:10)";"18 (16:10)";"0";"0";"0";"0";"0"
"La Pobla de Massaluca";"Tarragona";"21.2 (14:30)";"9.3 (04:50)";"15,3";"41 (16:10)";"20 (16:10)";"0";"0";"0";"0";"0"
"Cabacés";"Tarragona";"23.2 (15:30)";"9.7 (07:40)";"16,5";"35 (19:50)";"14 (18:50)";"0";"0";"0";"0";"0"
"Rasquera";"Tarragona";"20.8 (15:10)";"5.2 (07:30)";"13";"35 (15:00)";"21 (14:10)";"0";"0";"0";"0";"0"
"Estación de Tortosa (Roquetes)";"Tarragona";"22.7 (13:40)";"8.3 (07:50)";"15,5";"32 (16:30)";"18 (13:50)";"0";"0";"0";"0";"0"
"Cap de Vaquèira";"Lleida";"8.3 (17:20)";"4.0 (03:50)";"6,2";"29 (12:30)";"23 (13:50)";"";"";"";"";""
"Naut Aran, Arties";"Lleida";"22.4 (15:40)";"7.6 (00:40)";"15";"27 (17:50)";"10 (08:00)";"0";"0";"0";"0";"0"
"Bossòst";"Lleida";"25.9 (14:40)";"9.6 (08:10)";"17,8";"34 (06:20)";"21 (13:20)";"0";"0";"0";"0";"0"
"Valcarlos/Luzaide";"Navarra";"27.3 (15:40)";"14.6 (23:50)";"20,9";"42 (11:00)";"19 (02:50)";"0";"0";"0";"0";"0"
"Bello";"Teruel";"21.6 (17:10)";"8.0 (08:30)";"14,8";"57 (17:30)";"34 (17:50)";"0";"0";"0";"0";"0"
"Escorca, Lluc";"Illes Balears";"20.3 (12:20)";"8.7 (04:50)";"14,5";"24 (15:20)";"9 (17:40)";"0";"0";"0";"0";"0"
"Sóller, Puerto";"Illes Balears";"20.7 (15:10)";"9.8 (08:30)";"15,3";"35 (18:20)";"24 (18:20)";"0";"0";"0";"0";"0"
"Banyalbufar";"Illes Balears";"19.6 (15:30)";"12.5 (03:30)";"16,1";"30 (14:30)";"16 (19:20)";"0";"0";"0";"0";"0"
"Andratx - Sant Elm";"Illes Balears";"23.9 (14:00)";"7.8 (04:20)";"15,8";"25 (14:10)";"11 (14:10)";"0";"0";"0";"0";"0"
"Calvià, Es Capdellà";"Illes Balears";"25.3 (15:40)";"8.1 (04:40)";"16,7";"32 (13:40)";"18 (13:20)";"0";"0";"0";"0";"0"
"Palma, Puerto";"Illes Balears";"26.2 (16:20)";"13.0 (06:50)";"19,6";"23 (21:10)";"15 (17:10)";"0";"0";"0";"0";"0"
"Palma, Universitat";"Illes Balears";"25.0 (15:10)";"3.1 (07:50)";"14";"32 (15:30)";"15 (17:00)";"0";"0";"0";"0";"0"
"Sierra de Alfabia, Bunyola";"Illes Balears";"17.9 (15:50)";"10.0 (00:40)";"13,9";"40 (20:50)";"33 (08:30)";"0";"0";"0";"0";"0"
"Palma de Mallorca, Aeropuerto";"Illes Balears";"24.2 (15:00)";"7.1 (08:10)";"15,7";"33 (12:00)";"27 (16:40)";"0";"0";"0";"0";"0"
"Llucmajor, Cap Blanc";"Illes Balears";"22.7 (15:40)";"10.0 (06:20)";"16,4";"43 (15:00)";"29 (15:00)";"0";"0";"0";"0";"0"
"Llucmajor";"Illes Balears";"23.8 (15:20)";"10.2 (05:00)";"17";"";"";"0";"0";"0";"0";"0"
"Porreres";"Illes Balears";"22.5 (15:00)";"8.0 (07:00)";"15,3";"27 (12:40)";"14 (12:50)";"0";"0";"0";"0";"0"
"Campos, Can Sion";"Illes Balears";"21.9 (16:00)";"6.0 (01:20)";"13,9";"33 (12:40)";"21 (12:30)";"0";"0";"0";"0";"0"
"Campos, Salines Llevant";"Illes Balears";"22.3 (15:50)";"9.6 (06:30)";"15,9";"39 (12:30)";"26 (12:30)";"0";"0";"0";"0";"0"
"Santanyí";"Illes Balears";"19.6 (16:10)";"12.0 (05:10)";"15,8";"36 (13:10)";"21 (15:30)";"0,2";"0,1";"0,1";"0";"0"
"Portocolom";"Illes Balears";"19.6 (14:30)";"11.4 (04:40)";"15,5";"22 (22:00)";"14 (17:20)";"0,2";"0";"0,2";"0";"0"
"Son Servera";"Illes Balears";"19.6 (15:00)";"8.6 (06:10)";"14,1";"27 (17:20)";"16 (17:20)";"0,2";"0";"0,2";"0";"0"
"Artà";"Illes Balears";"21.8 (15:30)";"5.4 (06:20)";"13,6";"";"";"0";"0";"0";"0";"0"
"Capdepera";"Illes Balears";"21.5 (15:10)";"13.5 (06:20)";"17,5";"22 (18:20)";"17 (18:20)";"0";"0";"0";"0";"0"
"Artà-Colònia de Sant Pere";"Illes Balears";"20.8 (16:00)";"9.8 (04:50)";"15,3";"";"";"0";"0";"0";"0";"0"
"Muro, S'Albufera";"Illes Balears";"21.9 (15:30)";"4.9 (07:30)";"13,4";"";"";"0";"0";"0";"0";"0"
"Manacor";"Illes Balears";"20.7 (14:20)";"7.2 (06:30)";"14";"32 (13:50)";"17 (13:40)";"0";"0";"0";"0";"0"
"Petra";"Illes Balears";"20.9 (13:00)";"4.4 (06:30)";"12,6";"27 (12:50)";"20 (13:10)";"0";"0";"0";"0";"0"
"Sineu";"Illes Balears";"21.2 (16:30)";"5.3 (07:10)";"13,3";"27 (12:20)";"16 (12:20)";"0";"0";"0";"0";"0"
"Santa María del Camí";"Illes Balears";"23.2 (15:20)";"5.2 (06:20)";"14,2";"30 (16:40)";"18 (17:10)";"0";"0";"0";"0";"0"
"Binissalem";"Illes Balears";"23.8 (14:40)";"4.0 (06:50)";"13,9";"31 (16:50)";"17 (16:40)";"0";"0";"0";"0";"0"
"Escorca, Son Torrella";"Illes Balears";"20.0 (15:50)";"1.7 (07:30)";"10,9";"";"";"0";"0";"0";"0";"0"
"Sa Pobla";"Illes Balears";"23.4 (14:20)";"4.1 (06:00)";"13,7";"25 (16:50)";"15 (18:10)";"0";"0";"0";"0";"0"
"Pollença";"Illes Balears";"24.3 (14:50)";"5.6 (07:30)";"14,9";"25 (15:30)";"12 (14:00)";"0";"0";"0";"0";"0"
"Port de Pollença";"Illes Balears";"21.1 (12:50)";"6.7 (06:20)";"13,9";"31 (16:40)";"18 (15:30)";"0";"0";"0";"0";"0"
"La Mola, Maó/Mahón";"Illes Balears";"19.4 (14:30)";"13.5 (03:40)";"16,4";"";"19 (18:30)";"0,2";"0,2";"0";"0";"0"
"Es Mercadal";"Illes Balears";"21.7 (14:00)";"9.6 (04:00)";"15,7";"41 (14:10)";"26 (14:10)";"0";"0";"0";"0";"0"
"Ciutadella";"Illes Balears";"22.3 (15:00)";"7.9 (06:30)";"15,1";"";"";"0";"0";"0";"0";"0"
"Ciutadella, Cala Galdana";"Illes Balears";"21.2 (14:50)";"6.9 (04:20)";"14,1";"39 (14:40)";"13 (15:00)";"0";"0";"0";"0";"0"
"Menorca, Aeropuerto";"Illes Balears";"21.2 (13:40)";"10.6 (07:30)";"15,9";"42 (14:00)";"30 (15:40)";"0";"0";"0";"0";"0"
"Sant Joan de Labritja";"Illes Balears";"21.4 (15:10)";"9.1 (02:30)";"15,3";"";"";"0";"0";"0";"0";"0"
"Sant Antoni de Portmany";"Illes Balears";"22.5 (15:30)";"9.5 (05:20)";"16";"34 (16:50)";"19 (16:50)";"0,1";"0";"0,1";"0";"0"
"Ibiza, Aeropuerto";"Illes Balears";"19.1 (14:30)";"12.1 (07:30)";"15,6";"42 (16:40)";"31 (16:40)";"0";"0";"0";"0";"0"
"Eivissa";"Illes Balears";"21.2 (14:30)";"11.6 (02:30)";"16,4";"31 (17:10)";"15 (17:10)";"0";"0";"0";"0";"0"
"Formentera";"Illes Balears";"20.5 (13:40)";"13.9 (01:40)";"17,2";"42 (10:00)";"23 (10:10)";"0";"0";"0";"0";"0"
"Tías";"Las Palmas";"22.8 (14:10)";"13.5 (07:30)";"18,1";"30 (23:10)";"22 (19:40)";"0";"0";"0";"0";"0"
"Yaiza Playa Blanca";"Las Palmas";"22.4 (14:30)";"15.5 (05:30)";"18,9";"35 (16:40)";"19 (19:00)";"0";"0";"0";"0";"0"
"Lanzarote Aeropuerto";"Las Palmas";"24.4 (15:30)";"14.4 (07:50)";"19,4";"35 (19:50)";"27 (19:50)";"0";"0";"0";"0";"0"
"Haría";"Las Palmas";"21.0 (14:50)";"13.8 (07:50)";"17,4";"33 (10:20)";"26 (10:20)";"0";"0";"0";"0";"0"
"Tinajo";"Las Palmas";"21.2 (15:10)";"13.6 (07:40)";"17,4";"27 (16:00)";"18 (19:50)";"0";"0";"0";"0";"0"
"Roque de los Muchachos";"Santa Cruz de Tenerife";"15.8 (13:10)";"3.2 (00:10)";"9,5";"31 (00:40)";"18 (01:30)";"0";"0";"0";"0";"0"
"Puntagorda";"Santa Cruz de Tenerife";"17.8 (16:00)";"9.6 (07:20)";"13,7";"37 (13:10)";"25 (13:10)";"0";"0";"0";"0";"0"
"Tijarafe";"Santa Cruz de Tenerife";"18.9 (16:50)";"10.1 (07:20)";"14,5";"26 (00:10)";"19 (00:10)";"0,2";"0";"0";"0";"0,2"
"El Paso";"Santa Cruz de Tenerife";"17.0 (15:00)";"6.6 (08:10)";"11,8";"25 (23:59)";"14 (17:30)";"0";"0";"0";"0";"0"
"Fuencaliente";"Santa Cruz de Tenerife";"23.6 (15:10)";"16.6 (07:30)";"20,1";"46 (00:10)";"32 (00:10)";"0";"0";"0";"0";"0"
"Tazacorte";"Santa Cruz de Tenerife";"24.3 (14:10)";"15.4 (08:00)";"19,8";"25 (16:00)";"14 (00:20)";"0";"0";"0";"0";"0"
"La Palma Aeropuerto";"Santa Cruz de Tenerife";"21.8 (10:50)";"15.8 (07:30)";"18,8";"45 (13:00)";"35 (13:10)";"0";"0";"0";"0";"0"
"San Andrés y Sauces";"Santa Cruz de Tenerife";"20.2 (14:50)";"13.5 (05:10)";"16,9";"32 (13:20)";"22 (12:50)";"0";"0";"0";"0";"0"
"Pájara";"Las Palmas";"24.5 (16:00)";"17.3 (05:50)";"20,9";"36 (17:30)";"22 (17:30)";"0";"0";"0";"0";"0"
"Tuineje,Puerto Gran Tarajal";"Las Palmas";"22.5 (15:10)";"15.0 (07:50)";"18,8";"19 (21:00)";"12 (21:10)";"0";"0";"0";"0";"0"
"Antigua";"Las Palmas";"22.7 (14:50)";"14.0 (08:00)";"18,4";"37 (17:00)";"28 (17:20)";"0";"0";"0";"0";"0"
"Fuerteventura Aeropuerto";"Las Palmas";"25.4 (17:00)";"16.6 (07:10)";"21";"46 (19:10)";"36 (19:10)";"0";"0";"0";"0";"0"
"La Oliva";"Las Palmas";"22.7 (13:50)";"13.4 (07:20)";"18,1";"31 (13:20)";"18 (13:10)";"0";"0";"0";"0";"0"
"La Oliva, Puerto de Corralejo";"Las Palmas";"21.2 (15:00)";"16.9 (07:50)";"19,1";"29 (20:20)";"22 (17:40)";"0";"0";"0";"0";"0"
"Vallehermoso, Alto Igualero";"Santa Cruz de Tenerife";"16.2 (12:00)";"6.1 (00:40)";"11,2";"48 (00:40)";"36 (21:00)";"0,2";"0,2";"0";"0";"0"
"Arure";"Santa Cruz de Tenerife";"17.0 (14:20)";"9.6 (00:50)";"13,3";"39 (09:20)";"23 (09:10)";"1,2";"0,8";"0,4";"0";"0"
"Agulo";"Santa Cruz de Tenerife";"20.6 (15:10)";"10.2 (05:40)";"15,4";"48 (00:40)";"27 (00:20)";"0";"0";"0";"0";"0"
"Vallehermoso, Dama";"Santa Cruz de Tenerife";"22.9 (14:20)";"15.5 (08:20)";"19,2";"28 (00:10)";"19 (00:10)";"0";"0";"0";"0";"0"
"Hermigua";"Santa Cruz de Tenerife";"20.7 (16:00)";"12.4 (04:00)";"16,6";"30 (11:00)";"13 (13:20)";"0";"0";"0";"0";"0"
"San Sebastián de la Gomera";"Santa Cruz de Tenerife";"24.6 (14:50)";"17.1 (05:30)";"20,9";"37 (13:20)";"19 (12:30)";"0";"0";"0";"0";"0"
"Adeje";"Santa Cruz de Tenerife";"21.7 (11:50)";"15.4 (07:00)";"18,6";"";"";"0";"0";"0";"0";"0"
"Arico";"Santa Cruz de Tenerife";"21.4 (11:40)";"13.4 (07:30)";"17,4";"22 (12:10)";"12 (07:20)";"0";"0";"0";"0";"0"
"Tenerife Sur Aeropuerto";"Santa Cruz de Tenerife";"22.9 (15:40)";"15.3 (07:30)";"19,1";"28 (21:10)";"20 (21:30)";"0";"0";"0";"0";"0"
"Izaña";"Santa Cruz de Tenerife";"17.2 (16:00)";"5.7 (04:00)";"11,5";"66 (02:50)";"55 (02:10)";"0";"0";"0";"0";"0"
"Candelaria";"Santa Cruz de Tenerife";"20.6 (12:50)";"12.1 (07:10)";"16,4";"22 (14:40)";"16 (07:50)";"0";"0";"0";"0";"0"
"Güímar";"Santa Cruz de Tenerife";"22.5 (15:00)";"14.6 (06:30)";"18,6";"21 (14:30)";"19 (00:20)";"0";"0";"0";"0";"0"
"San Cristóbal de La Laguna,Llano de los Loros";"Santa Cruz de Tenerife";"17.3 (13:10)";"9.1 (07:40)";"13,2";"42 (22:20)";"27 (22:00)";"0";"0";"0";"0";"0"
"Tenerife Norte Aeropuerto";"Santa Cruz de Tenerife";"19.0 (13:50)";"9.1 (00:10)";"14,1";"33 (11:40)";"23 (20:00)";"0";"0";"0";"0";"0"
"Sta.Cruz de Tenerife";"Santa Cruz de Tenerife";"24.0 (14:00)";"17.4 (07:00)";"20,7";"31 (11:30)";"17 (11:30)";"0";"0";"0";"0";"0"
"Anaga";"Santa Cruz de Tenerife";"23.3 (12:50)";"15.7 (08:00)";"19,5";"31 (00:10)";"14 (17:20)";"0";"0";"0";"0";"0"
"La Victoria de Acentejo";"Santa Cruz de Tenerife";"16.8 (12:00)";"9.9 (06:50)";"13,3";"30 (05:10)";"19 (04:20)";"0";"0";"0";"0";"0"
"Tacoronte";"Santa Cruz de Tenerife";"20.5 (18:00)";"12.5 (06:10)";"16,5";"24 (19:30)";"15 (05:30)";"0";"0";"0";"0";"0"
"Puerto de la Cruz";"Santa Cruz de Tenerife";"22.7 (12:40)";"15.8 (07:00)";"19,3";"23 (22:00)";"16 (21:40)";"0";"0";"0";"0";"0"
"San Juan de la Rambla";"Santa Cruz de Tenerife";"17.8 (09:40)";"9.5 (07:40)";"13,6";"24 (04:30)";"17 (04:20)";"0";"0";"0";"0";"0"
"Vega de San Mateo";"Las Palmas";"17.8 (10:00)";"3.4 (01:50)";"10,6";"22 (14:30)";"13 (14:30)";"0";"0";"0";"0";"0"
"Tejeda, Cruz de Tejeda";"Las Palmas";"15.3 (13:10)";"5.8 (05:30)";"10,6";"21 (22:10)";"9 (22:10)";"";"";"";"";""
"Tejeda";"Las Palmas";"18.7 (14:00)";"10.0 (08:00)";"14,4";"22 (14:20)";"13 (14:20)";"0";"0";"0";"0";"0"
"Agaete";"Las Palmas";"21.5 (17:50)";"17.0 (08:00)";"19,3";"29 (11:50)";"24 (11:40)";"0";"0";"0";"0";"0"
"La Aldea de San Nicolás";"Las Palmas";"22.8 (12:40)";"12.6 (07:50)";"17,7";"48 (22:30)";"30 (22:30)";"0";"0";"0";"0";"0"
"San Bartolome Tirajana, Cuevas del Pinar";"Las Palmas";"16.4 (17:30)";"8.2 (05:40)";"12,3";"26 (13:30)";"12 (13:30)";"0";"0";"0";"0";"0"
"San Bartolome Tirajana, Lomo Pedro Alfonso";"Las Palmas";"20.6 (18:10)";"11.1 (02:10)";"15,9";"28 (15:00)";"16 (15:40)";"0";"0";"0";"0";"0"
"La Aldea de San Nicolás, Tasarte";"Las Palmas";"21.1 (11:30)";"13.6 (05:40)";"17,4";"29 (18:00)";"20 (18:00)";"0";"0";"0";"0";"0"
"Mogán, Puerto";"Las Palmas";"22.4 (12:30)";"16.1 (08:00)";"19,3";"28 (23:30)";"19 (23:30)";"";"";"";"";""
"San Bartolome Tirajana, Las Tirajanas";"Las Palmas";"20.7 (13:10)";"9.1 (06:20)";"14,9";"23 (13:40)";"9 (06:30)";"0";"0";"0";"0";"0"
"Maspalomas, C. Insular Turismo";"Las Palmas";"22.5 (17:10)";"17.3 (04:00)";"19,9";"44 (15:20)";"22 (15:10)";"0";"0";"0";"0";"0"
"San Bartolome Tirajana, El Matorral";"Las Palmas";"24.8 (15:00)";"15.8 (08:00)";"20,3";"40 (16:40)";"24 (18:10)";"0";"0";"0";"0";"0"
"Agüimes";"Las Palmas";"22.6 (13:40)";"14.4 (08:10)";"18,5";"46 (18:20)";"30 (17:10)";"2";"1,4";"0,6";"0";"0"
"Telde, Centro Forestal Doramas";"Las Palmas";"20.2 (11:40)";"13.3 (07:50)";"16,8";"30 (12:40)";"17 (12:50)";"0";"0";"0";"0";"0"
"Gran Canaria Aeropuerto";"Las Palmas";"23.2 (16:10)";"16.3 (08:00)";"19,8";"48 (17:50)";"42 (18:00)";"0";"0";"0";"0";"0"
"Telde, Melenara";"Las Palmas";"22.4 (15:50)";"15.0 (08:10)";"18,7";"33 (18:10)";"21 (18:30)";"0";"0";"0";"0";"0"
"Teror";"Las Palmas";"17.4 (18:20)";"8.7 (07:20)";"13";"18 (12:30)";"10 (13:00)";"0";"0";"0";"0";"0"
"Las Palmas de Gran Canaria, Tafira";"Las Palmas";"19.9 (13:20)";"13.7 (08:00)";"16,8";"26 (17:20)";"15 (17:30)";"0";"0";"0";"0";"0"
"Las Palmas de Gran Canaria, San Cristobal";"Las Palmas";"22.8 (16:40)";"16.8 (08:00)";"19,8";"31 (17:50)";"20 (18:00)";"0";"0";"0";"0";"0"
"Las Palmas de Gran Canaria, Pl. de la Feria";"Las Palmas";"";"";"";"23 (16:10)";"13 (16:30)";"0";"0";"0";"0";"0"
"Valleseco";"Las Palmas";"17.2 (11:40)";"9.6 (07:00)";"13,4";"27 (00:10)";"21 (00:10)";"0";"0";"0";"0";"0"
"Agaete - Suerte Alta";"Las Palmas";"18.8 (11:50)";"13.7 (06:50)";"16,2";"34 (12:10)";"22 (12:10)";"0";"0";"0";"0";"0"
"Arucas";"Las Palmas";"21.6 (14:40)";"14.6 (07:30)";"18,1";"23 (00:10)";"14 (00:10)";"0";"0";"0";"0";"0"
"Maspalomas";"Las Palmas";"";"";"";"39 (14:10)";"33 (14:00)";"0";"0";"0";"0";"0"
"Teguise";"Las Palmas";"22.7 (13:10)";"16.2 (06:30)";"19,5";"27 (17:30)";"17 (17:20)";"0";"0";"0";"0";"0"
"El Pinar, Depósito";"Santa Cruz de Tenerife";"15.3 (18:40)";"8.2 (08:20)";"11,8";"24 (12:50)";"13 (14:30)";"0";"0";"0";"0";"0"
"San Andrés, Valverde";"Santa Cruz de Tenerife";"15.2 (14:30)";"7.4 (23:20)";"11,3";"46 (00:10)";"31 (00:10)";"0,6";"0,4";"0";"0,2";"0"
"Valverde";"Santa Cruz de Tenerife";"16.7 (13:50)";"11.3 (06:40)";"14";"39 (09:40)";"29 (09:40)";"0";"0";"0";"0";"0"
"Hierro Aeropuerto";"Santa Cruz de Tenerife";"22.9 (15:00)";"17.4 (02:50)";"20,1";"41 (09:50)";"28 (09:50)";"0";"0";"0";"0";"0"
"Frontera, Sabinosa";"Santa Cruz de Tenerife";"22.8 (14:10)";"16.7 (06:40)";"19,8";"21 (19:30)";"12 (19:40)";"0";"0";"0";"0";"0"
